Date,Close,Open,High,Low,Volume
2020-01-01,1800.4967141530112,1800.4582056835104,1804.194846712883,1800.1571669613973,2706
2020-01-02,1800.35844985184,1800.1858225518993,1800.8820000537148,1790.5708993061583,2567
2020-01-03,1801.0061383899408,1801.8897983274276,1809.5654746126067,1794.3274593229328,2128
2020-01-06,1802.5291682463487,1803.181491124762,1807.3465354438008,1793.1971173687557,4510
2020-01-07,1802.2950148716254,1800.7186227146412,1810.5168137397898,1798.0636586403505,8867
2020-01-08,1802.0608779146762,1803.537418264402,1812.040898275601,1795.9462418024195,3365
2020-01-09,1803.6400907301836,1805.020182084331,1807.1401226313176,1796.8550910472572,6583
2020-01-10,1804.4075254593365,1803.781962757827,1810.9810602810378,1800.606465755251,5897
2020-01-13,1803.9380510734015,1804.333854606839,1809.0566726484687,1795.4569587232452,6718
2020-01-14,1804.4806111169876,1804.9746413032703,1813.7762086824853,1795.008996487985,7001
2020-01-15,1804.017193424175,1804.277867189999,1806.4352739817634,1795.168642247215,5567
2020-01-16,1803.5514636706048,1803.0011585167595,1810.3295956737052,1795.6104887573658,3741
2020-01-17,1803.7934259421709,1803.1218025742328,1809.870947164698,1800.3471557769833,4020
2020-01-20,1801.8801456975132,1801.8545916265218,1804.8331604732316,1799.0384312054655,7256
2020-01-21,1800.1552278650001,1801.3279568842595,1802.6939659207712,1790.5216246605398,1228
2020-01-22,1799.592940335759,1800.1365404903536,1806.6529380951263,1799.4900953764022,9362
2020-01-23,1798.5801092154247,1798.2094948833387,1805.966083796748,1791.0489951509173,1294
2020-01-24,1798.89435654802,1799.6660552586682,1802.8223286963016,1791.8318949224672,5284
2020-01-27,1797.9863324724988,1795.1377898518688,1804.4346585127219,1788.9108944423708,9617
2020-01-28,1796.5740287711635,1797.7227944715355,1801.6741035476505,1786.672940310295,7801
2020-01-29,1798.039677540085,1796.2999637613068,1805.1717463729112,1793.1811694036696,1918
2020-01-30,1797.8139012395984,1797.4514602981953,1799.806053988539,1794.051741660263,1498
2020-01-31,1797.8814294442864,1796.7617595496602,1806.7835794706482,1795.9723655201947,3809
2020-02-03,1796.4566812580729,1795.161999782352,1799.3307772227288,1790.7340184169148,5961
2020-02-04,1795.9122985335478,1797.0731253209262,1800.7509851984878,1793.3018132711993,4779
2020-02-05,1796.0232211232576,1795.5555199219457,1796.604140644061,1792.1216529001692,3118
2020-02-06,1794.8722275458354,1795.2187314275661,1796.333853550779,1786.526509643279,7391
2020-02-07,1795.247925564181,1795.2010049853018,1800.4065445913043,1785.8461598500269,1145
2020-02-10,1794.6472868742621,1795.1243277014853,1797.800254468765,1792.7899561542104,8942
2020-02-11,1794.355593124469,1794.4324150155292,1802.787217272951,1790.6305038089342,5565
2020-02-12,1793.7538865122394,1792.4708942880509,1793.900820398789,1783.1845886668968,1192
2020-02-13,1795.6061646967485,1796.6024315161956,1800.393372002915,1794.9880800898563,6187
2020-02-14,1795.5926674720106,1795.0989108888493,1798.9661229397016,1794.1753056077355,7637
2020-02-17,1794.5349565430545,1792.9783746443948,1794.7282328522306,1791.3504647523325,9243
2020-02-18,1795.3575014551577,1794.9293862941918,1796.6011854451629,1788.977257952923,3410
2020-02-19,1794.1366578051868,1795.637417595821,1799.7738443450073,1792.631935095127,2820
2020-02-20,1794.3455214001915,1795.195743142305,1800.1243889867794,1784.6647575856841,3964
2020-02-21,1792.3858512763118,1792.037199141904,1796.4287487488605,1787.5700538693188,3521
2020-02-24,1791.0576652274133,1790.7084075230948,1796.3670420115343,1785.6932279195933,3568
2020-02-25,1791.2545264632824,1790.9328914120651,1797.2058432123392,1788.466305254011,6882
2020-02-26,1791.992993043278,1794.0697410268388,1794.1689792381171,1787.2833905189307,2867
2020-02-27,1792.1643613244678,1792.5462967766994,1797.1872483712343,1785.5452249980976,8465
2020-02-28,1792.0487130420795,1792.4787546892705,1802.1137470981464,1784.5369416725391,8602
2020-03-02,1791.7476093464902,1792.777892800522,1797.9682156018175,1784.208928519391,4199
2020-03-03,1790.2690873561228,1790.5078765151493,1797.2832991897387,1784.490176229182,7103
2020-03-04,1789.5492431477282,1789.2902010019075,1792.6678817268971,1780.246603251969,1240
2020-03-05,1789.0886043767684,1788.8922545276835,1796.828518158296,1780.7181760546223,4440
2020-03-06,1790.1457266029872,1790.074125343573,1797.8749414217484,1782.5036441965867,5631
2020-03-09,1790.4893448925557,1790.4521226560457,1795.702305369097,1789.896067439241,9274
2020-03-10,1788.726304737193,1789.45393428083,1799.214072513622,1788.6575251149966,6077
2020-03-11,1789.0503887065877,1789.102334592395,1790.3578367400214,1786.925915934633,4768
2020-03-12,1788.6653064261716,1789.3979465033872,1789.567423152283,1782.0300704870372,8995
2020-03-13,1787.9883844258654,1787.9076678457568,1795.6899665434364,1783.7956929569314,9802
2020-03-16,1788.6000607147064,1788.6786959050226,1796.7502512786714,1784.5759981217134,7429
2020-03-17,1789.6310602372023,1787.6328595526702,1790.833132528408,1778.786990670374,4605
2020-03-18,1790.5623403563186,1791.478668031021,1794.134496360607,1781.6067118750002,3173
2020-03-19,1789.7231228330959,1790.069611308994,1790.2451349426601,1780.63137019256,7568
2020-03-20,1789.4139104572446,1790.4119205671043,1793.3450066749099,1786.2751296920942,3601
2020-03-23,1789.7451738886482,1786.8489185104545,1797.4765926278349,1779.938360383062,3657
2020-03-24,1790.7207190157706,1792.8090937205513,1797.9886989976771,1788.004387203027,7080
2020-03-25,1790.2415447779254,1790.1019551497702,1793.7225007096083,1788.1958568190257,8325
2020-03-26,1790.0558858012614,1791.164068617999,1794.8814615670622,1788.2095612277876,3159
2020-03-27,1788.9495508272555,1787.90964490013,1788.9630870844103,1784.488568691494,4830
2020-03-30,1787.7533442031747,1788.3661181082373,1791.3641233838896,1783.4537680053766,9313
2020-03-31,1788.565870025569,1787.5124544623952,1795.0304574419483,1779.2029627518446,5368
2020-04-01,1789.92211005414,1789.2983410934442,1799.6640544923034,1788.099430158717,2317
2020-04-02,1789.8500999325595,1791.7641312864262,1800.2347395562651,1782.5008414586105,5493
2020-04-03,1790.8536328304515,1790.6629504296882,1791.0895824769068,1785.3484012877952,2230
2020-04-06,1791.215268855499,1791.4327017286787,1800.4183077754271,1788.3358154287391,2133
2020-04-07,1790.570149100894,1791.4402168315828,1799.272200964569,1785.6419532555658,8607
2020-04-08,1790.9315447064025,1791.427226594375,1799.2309878300848,1787.9321240086324,2301
2020-04-09,1792.4695812728685,1792.620000178012,1797.1999577680479,1786.5087617204854,2910
2020-04-10,1792.4337552337583,1792.7987162362247,1796.7787691657697,1788.0953160052059,9082
2020-04-13,1793.9983988895724,1796.4018144748106,1799.4309717631425,1792.3543435987835,9107
2020-04-14,1791.3786537854828,1791.3210349884491,1792.0356023750264,1790.155204242892,8970
2020-04-15,1792.200556289858,1792.401655336573,1794.68400897151,1786.7335994691366,2916
2020-04-16,1792.287603358096,1793.3382577541036,1795.8042941038839,1783.263473025235,7996
2020-04-17,1791.9885960076303,1793.0941219405884,1797.9348926376904,1788.5490191420536,3757
2020-04-20,1792.0803567841658,1793.2673870897263,1800.7418311556933,1784.7503557119396,7464
2020-04-21,1790.0927878695647,1790.731518091594,1795.4696163755734,1783.506174320167,1178
2020-04-22,1789.8731159817273,1788.7301110689968,1790.451560476199,1779.414561925902,7362
2020-04-23,1790.2302285532392,1791.8636600855402,1801.4415580954224,1782.0204183802477,9683
2020-04-24,1791.7081225979805,1790.5617772049618,1801.1353657889217,1784.895724615907,1060
2020-04-27,1791.189852379707,1791.492487844946,1799.34438327643,1784.619547397366,7681
2020-04-28,1790.3813587768138,1789.6270829267944,1800.2946377924561,1780.643218260954,3895
2020-04-29,1789.8796017332293,1789.8154633866363,1795.324425061232,1785.820275540767,1585
2020-04-30,1790.7950038509314,1791.1237662612348,1800.751449763767,1787.5270567923535,6823
2020-05-01,1791.123754960591,1791.4451121760412,1792.2011625822088,1791.015644124239,1534
2020-05-04,1790.593994756824,1791.0159155110593,1794.672722993673,1782.3284840149095,4462
2020-05-05,1791.1072621899373,1792.720973458996,1794.9747861390638,1783.0974551859035,5011
2020-05-06,1791.2043397392854,1791.6578740407995,1793.6162048821423,1790.159794558284,4398
2020-05-07,1792.1729847298182,1791.9288280945275,1793.581014218745,1786.1602542832004,3155
2020-05-08,1791.4709316359408,1792.4350188042292,1798.6591552198893,1786.831114654272,6966
2020-05-11,1791.143269489343,1792.3327399782677,1800.1459585357406,1789.9561785342519,8329
2020-05-12,1790.751161336211,1789.523553521074,1796.5341453304145,1779.717871250467,7957
2020-05-13,1789.2876463880789,1789.8850464579286,1791.3546735538107,1787.1406875134453,6325
2020-05-14,1789.5837666651435,1790.2849394074544,1798.396177106789,1788.911424864238,9518
2020-05-15,1789.8448219373233,1789.5472584339634,1796.2043690089606,1783.5987846389444,5703
2020-05-18,1789.8499353939658,1791.2256422072774,1795.1072992685474,1782.4612686226355,3706
2020-05-19,1789.6153482605905,1789.465292673558,1796.3566512159512,1789.1408582130862,1001
2020-05-20,1788.1999775185402,1788.3255539720117,1790.92460376444,1781.61280113127,9316
2020-05-21,1787.779332195775,1787.606260371491,1791.231254280717,1782.2833416119765,2104
2020-05-22,1787.436617679248,1787.4521967268295,1796.6270551581495,1786.4039675904976,2861
2020-05-25,1786.6343404100264,1785.5380653231311,1789.5393854667407,1783.8128265536675,6269
2020-05-26,1786.4730546983603,1785.033003815766,1791.1729373799396,1779.3532608426053,7943
2020-05-27,1786.877105555175,1788.4716106183998,1797.37302199236,1783.913529420042,9320
2020-05-28,1788.7632914563856,1787.9163301080673,1795.8405049590608,1778.5331728215542,1437
2020-05-29,1788.9378692692173,1787.946476919761,1789.5599015308644,1779.7590746249205,5846
2020-06-01,1789.1954196599402,1787.0420295463364,1790.6684501027298,1777.2063574811998,4129
2020-06-02,1789.1209737441739,1788.4820119964843,1789.199389651893,1785.8853036069802,9081
2020-06-03,1787.202202528875,1785.8791127354675,1793.5114204311667,1776.1818764074878,1901
2020-06-04,1787.1756886534256,1788.817703813562,1793.2944380676663,1782.86334995551,6398
2020-06-05,1787.2359188633668,1788.2457359527095,1789.5884844617324,1783.7607309102293,7678
2020-06-08,1789.699160975852,1789.0110106306743,1799.2785021864197,1788.5075153609807,6529
2020-06-09,1789.506800011071,1791.7592358164152,1797.0558330558713,1788.979147432475,7604
2020-06-10,1789.8083473534045,1790.7901128403962,1793.209045781525,1782.888234793938,4918
2020-06-11,1789.7736355836992,1789.4488042001906,1794.7796712952463,1784.8695142558504,2067
2020-06-12,1788.6049575460797,1786.1055518312062,1795.4011608734309,1783.8403355708451,1026
2020-06-15,1789.7477803605948,1792.0387229331855,1792.801115112921,1783.6080772973426,7937
2020-06-16,1790.4997133932816,1789.110140926518,1793.2467515437604,1786.5815597440169,8264
2020-06-17,1791.2907453403245,1789.6453465933675,1799.3604002491645,1783.8690290499233,8118
2020-06-18,1790.3813578855297,1791.4039283175393,1796.000577021566,1786.7892704157027,1547
2020-06-19,1791.7841521964658,1794.223904602805,1799.689676023128,1783.5486299303477,9758
2020-06-22,1790.3823011336735,1791.766573952184,1796.0947339742786,1782.1753395260057,9895
2020-06-23,1790.9691582274738,1791.5330673475262,1791.9720667739562,1786.19565424625,6338
2020-06-24,1793.1596138532839,1793.7543681949492,1795.4118659931507,1789.6514227599337,4140
2020-06-25,1792.1690775281531,1793.0224930869335,1797.4779094743524,1788.5434795625622,8996
2020-06-26,1791.6027797985505,1792.3617083883373,1794.4535630424166,1783.5456345418684,2590
2020-06-29,1791.702431163638,1791.9836225876074,1792.4834128742043,1788.4206363356618,8776
2020-06-30,1791.198955509522,1791.303156613474,1799.7396532539922,1789.1083617724535,5943
2020-07-01,1789.6482920784558,1789.5856989505562,1799.4602173700969,1788.738815531803,9997
2020-07-02,1789.7168550532617,1788.962890464395,1797.6482837932292,1784.295959255551,8798
2020-07-03,1788.6545513395356,1788.3738762626688,1797.1924005565822,1783.5525552734703,4791
2020-07-06,1789.128143770171,1787.4351869559755,1791.5479150733413,1779.0260998519464,2357
2020-07-07,1788.208719535937,1788.1103799091422,1797.814989291069,1785.8979929446816,9092
2020-07-08,1789.7586539409547,1788.7700628338036,1791.727910985489,1784.9601500971196,4225
2020-07-09,1788.9754006486182,1787.8718113314026,1798.4896987522366,1779.7877539424658,3460
2020-07-10,1788.6533391324126,1788.8332332835662,1798.7814262232257,1780.4171030249229,9737
2020-07-13,1789.4668563497823,1790.858858636127,1797.9760866935876,1785.6207455899946,3728
2020-07-14,1788.2359920333483,1789.1543086393506,1798.9657459572688,1783.6447518004816,7726
2020-07-15,1788.4634519679526,1786.8929513643293,1794.1588497636235,1783.8600924558364,8481
2020-07-16,1789.7705947222348,1788.7809665856644,1792.3660125539957,1779.4554178014712,7430
2020-07-17,1788.1631114876736,1789.103882675662,1793.4738415323181,1786.9766738302578,4114
2020-07-20,1788.347745346206,1787.3652579526677,1794.2833546999939,1778.027763722653,1616
2020-07-21,1788.6076281404544,1788.3829949904573,1789.3384437607244,1781.5443304721039,4644
2020-07-22,1789.3894510122318,1789.9395031112563,1796.1629357574288,1784.0737294853645,7413
2020-07-23,1788.1525003013537,1787.18415584649,1797.9642786689767,1786.857565238645,2203
2020-07-24,1786.8320436882693,1786.9374191944153,1788.8384956922525,1782.0760817700493,3565
2020-07-27,1787.3539852538863,1786.019959758968,1795.2799364167702,1781.9424787089408,4174
2020-07-28,1787.6509699271194,1787.0496022831683,1796.7299578649156,1785.437414163417,4081
2020-07-29,1787.9014627774654,1788.221244711608,1797.6582606398104,1781.337366742459,3630
2020-07-30,1788.2479109869623,1786.6549172534308,1797.8492670310168,1776.9434081797478,4161
2020-07-31,1787.5678862653838,1788.0083610033441,1793.2229573905588,1781.9459981547386,5321
2020-08-03,1787.8001399625448,1787.7805021636182,1797.5732190424599,1780.6329693991788,9861
2020-08-04,1788.0932124358435,1788.6457023902606,1796.218804461605,1787.4087079101832,7269
2020-08-05,1787.3788610178171,1787.6027751518818,1789.2194895142513,1783.2021910596472,8099
2020-08-06,1789.244635528962,1790.6087759589357,1795.3777770236154,1788.0810506773169,8376
2020-08-07,1789.7184684498736,1789.8436929525215,1797.0270047062415,1783.5905100945085,5078
2020-08-10,1788.527164952671,1788.0977594115457,1791.0005681108619,1778.7129378294042,6801
2020-08-11,1789.1837185613049,1789.3060160643372,1795.712167899826,1782.5659412365885,5151
2020-08-12,1788.2090368910776,1788.752334920114,1795.41833971058,1787.4410064079334,9911
2020-08-13,1788.99612149482,1789.0449815651457,1790.6719790032314,1785.4494594449693,3600
2020-08-14,1790.1547170738274,1790.1953087650313,1795.846161889559,1784.6480832794189,7175
2020-08-17,1789.3340347554756,1788.6320430676687,1797.0503038652616,1784.5999655063363,1666
2020-08-18,1790.29741088472,1789.634509967169,1795.2863675300794,1781.2980698624172,1283
2020-08-19,1790.7101918116566,1789.3075865398569,1790.8312229794176,1781.1608764927569,6840
2020-08-20,1791.532251971651,1793.281828714838,1793.3722134056309,1785.4139417706187,4565
2020-08-21,1793.429044954305,1792.1851817189138,1796.9993383940052,1788.4506022675866,5593
2020-08-24,1793.183656838302,1792.4907516405062,1802.44559752262,1789.9373879028738,2465
2020-08-25,1792.4299206739445,1791.7115134083754,1794.7166884699805,1790.652770226244,9321
2020-08-26,1791.540406244319,1792.4353306212633,1798.7789675099802,1787.9914294094535,5734
2020-08-27,1790.7245959593536,1790.4296462810617,1792.9453546662867,1786.2979211089844,7257
2020-08-28,1790.6474942499394,1791.895236322613,1795.1119362192085,1783.8892649988986,8366
2020-08-31,1790.9886462247562,1790.3151556005123,1799.4690671207711,1783.7335573575365,4672
2020-09-01,1791.2653370240862,1791.54433118631,1798.8329456090096,1790.5642556276737,8382
2020-09-02,1792.0925202731223,1791.2571732198626,1793.0465130462544,1787.304580065551,7587
2020-09-03,1792.1055221650001,1794.2506712927736,1798.537691502638,1790.2877334928264,1992
2020-09-04,1793.5590562421573,1792.371457823128,1793.85075387861,1790.8033307699598,7858
2020-09-07,1793.2943994089194,1793.6042201191465,1798.4131215851767,1785.021377911547,3121
2020-09-08,1796.0145685755092,1796.6483454564413,1803.272685573452,1795.5954164083466,3223
2020-09-09,1796.640235923274,1797.0540350207257,1798.2390612567071,1792.4484071642528,5522
2020-09-10,1795.7830783668578,1795.59779070798,1798.6719277559494,1793.9157541503148,4188
2020-09-11,1794.7121858687967,1794.5823651690632,1798.6905521238182,1785.7890630122786,4237
2020-09-14,1795.1946582840399,1795.238469756019,1804.4337800025794,1789.6242531512896,5136
2020-09-15,1794.971195498714,1794.8241934970856,1804.9037456529436,1792.5103871333172,1343
2020-09-16,1795.685195992806,1796.649075109601,1797.098188099557,1790.6609231211423,5704
2020-09-17,1796.1584336173796,1798.368956618971,1805.9790358539249,1788.8435700203484,5823
2020-09-18,1796.0856047047228,1795.5281129197149,1799.8028453687461,1785.9469328305206,5920
2020-09-21,1795.2388109866545,1793.8690080070753,1799.1633928489493,1791.664547964621,4201
2020-09-22,1793.7239637619684,1793.6356817136173,1801.2666134954386,1784.7738639923239,6471
2020-09-23,1793.2774488099014,1795.8571581475558,1805.0414224690098,1783.9344076682266,1888
2020-09-24,1794.133847604225,1793.3301730362552,1803.6431335492505,1784.1659675909345,8127
2020-09-25,1794.347941348355,1795.9870581537991,1801.7582840141824,1787.993797779736,4720
2020-09-28,1793.1022025696432,1794.7799033837196,1798.3511149767246,1786.803996025296,3883
2020-09-29,1793.2753834954945,1792.7217952537865,1801.1508743540821,1788.6896889219483,5212
2020-09-30,1793.6607008752233,1794.2296839544085,1796.7396977870314,1786.1367220521854,7961
2020-10-01,1792.776843439022,1794.4052400621506,1800.0459803504857,1787.4639032555128,3415
2020-10-02,1792.9305685449676,1792.55144080398,1796.5163531602163,1785.7770600916972,4001
2020-10-05,1792.9887772634136,1792.7851969033113,1799.5550880004923,1788.5006178648234,2738
2020-10-06,1791.845806965583,1791.2641260516343,1794.2497960945182,1783.949161411203,2364
2020-10-07,1792.2035943259314,1791.1888375952385,1794.1195237832796,1782.944122419193,3708
2020-10-08,1792.7643788522996,1792.1151013072335,1801.946769719054,1790.6507387412055,1924
2020-10-09,1793.8474300954747,1792.6234898287125,1794.86546692497,1784.2941926729702,1151
2020-10-12,1794.9012321475097,1794.935315615769,1799.9948946931183,1789.4982668296066,9777
2020-10-13,1793.5235627795525,1792.753589548494,1795.7320906091827,1784.3069304575918,9044
2020-10-14,1792.5857377396376,1792.8195236514284,1793.2088232846852,1788.2727206762274,1912
2020-10-15,1793.100773006846,1791.5448773606424,1793.4609611897604,1787.7544725068121,3321
2020-10-16,1793.6145589577584,1793.9454391899728,1795.6976569110311,1784.4639516325863,1495
2020-10-19,1794.1296066440643,1794.9631356056732,1803.6308391507332,1791.6179139685803,3148
2020-10-20,1797.9823381347192,1795.9886024921477,1800.8071255744894,1787.5464792392863,1556
2020-10-21,1798.5532286454122,1798.9272852152599,1808.4318769210129,1793.7130229203183,2552
2020-10-22,1799.6887942855928,1800.9164632780662,1806.732686207958,1794.5478398600803,3120
2020-10-23,1800.642796049086,1799.4331550303948,1805.0089379467736,1796.3484722155,4085
2020-10-26,1801.294187300392,1802.9667596872296,1808.7676480339242,1795.5637652942019,4504
2020-10-27,1800.9789180557516,1801.3979370651177,1806.5649209173805,1797.7268060929896,1156
2020-10-28,1801.7378872762447,1801.0328754204863,1809.325649813818,1800.6401812780698,9926
2020-10-29,1800.9650620617072,1800.9092929840494,1803.7900227214357,1798.1893069306059,8505
2020-10-30,1800.7282434549672,1801.286570367489,1804.817074283492,1800.6644530209014,8162
2020-11-02,1800.242879907138,1800.3188852985504,1809.2598283238829,1790.4593320365695,6523
2020-11-03,1800.3247540465245,1800.8635100389708,1810.328075170475,1790.667281948327,8543
2020-11-04,1802.639412613198,1801.7187390201186,1811.5649948880628,1797.7671860453956,9055
2020-11-05,1800.7721474206062,1800.9415082446424,1805.1359881842154,1793.4884388772098,5654
2020-11-06,1801.4584076109807,1800.0446931140757,1809.2620626410494,1796.5866321299713,7250
2020-11-09,1799.8456917397912,1799.7344656784426,1804.6090490728022,1793.023534107583,8246
2020-11-10,1799.3737598740017,1798.469852232537,1804.3491583954628,1790.4155518020773,1154
2020-11-11,1800.462710470969,1799.7271805283792,1802.5095115615418,1790.259618081457,8950
2020-11-12,1800.5269904900645,1801.763083665275,1807.6743866978602,1796.5248677315678,1996
2020-11-13,1799.449245712135,1800.5405558327293,1802.4019148102627,1791.6162658825747,5626
2020-11-16,1798.7339420028752,1799.3430801237823,1802.6587271144542,1796.074657496554,3905
2020-11-17,1799.4135397518098,1798.3212269871372,1807.9638417680092,1788.4179039492008,1153
2020-11-18,1798.6831731200928,1798.366764670398,1800.7539312122012,1798.1090686827545,8853
2020-11-19,1798.8996317096746,1800.1127294096539,1800.8243122613883,1792.8643436446634,7481
2020-11-20,1798.9452035495785,1799.0869204632183,1799.7769963893466,1792.3501437330654,6599
2020-11-23,1798.2936032019727,1800.6129327419544,1810.0207779469854,1791.4131476312314,2716
2020-11-24,1800.437547291298,1800.8308651306922,1805.9000695103107,1799.233671503407,1786
2020-11-25,1801.071466313616,1801.263515430106,1805.3576361482762,1791.6861684788846,5368
2020-11-26,1799.0463237269585,1798.7372072627559,1807.1551095370376,1796.925374472255,9096
2020-11-27,1799.232778041728,1799.36631894651,1807.7245782256152,1793.0052440093295,5272
2020-11-30,1798.5709915769594,1798.4185217405789,1801.8929019081154,1796.191760949348,4767
2020-12-01,1799.4234249117558,1800.1315335884444,1807.0677141631825,1796.351260741543,9834
2020-12-02,1798.630904173323,1799.5876064901177,1807.2988346486366,1793.1663187560416,6994
2020-12-03,1798.516167731856,1797.730178271348,1805.0626746005155,1793.5582440857022,8216
2020-12-04,1799.0211550108365,1797.6899220572789,1800.5371057588375,1796.0876660475137,9857
2020-12-07,1799.8869102050066,1798.0507048319034,1808.6457410401772,1796.341340807695,4426
2020-12-08,1798.686613797951,1799.1946051248635,1804.5855506522237,1794.505165916323,4783
2020-12-09,1798.35211256211,1797.248745955936,1801.1768368258101,1789.6759161731811,6427
2020-12-10,1797.877167250949,1795.7242766579966,1802.1294491053259,1786.7446301895186,8011
2020-12-11,1797.2238380183753,1797.6124166229063,1797.9881275268954,1796.3825613957815,9052
2020-12-14,1798.9892922586564,1801.4822917760891,1802.7609597883134,1795.0582531830623,4701
2020-12-15,1799.3942739696174,1799.3882030580776,1807.049741474776,1798.3857474208487,3349
2020-12-16,1798.1333900152822,1798.9718807897339,1798.9719971372874,1797.9674652089561,8011
2020-12-17,1799.0512519623371,1799.1330813208847,1803.2987396057076,1792.4340651358975,8055
2020-12-18,1801.1734081593497,1801.0745185061585,1806.3985099702056,1795.0500240864926,2212
2020-12-21,1802.2058734199009,1803.1249499028886,1803.6712941028984,1800.575682281752,7965
2020-12-22,1800.686503453947,1800.3962289097583,1810.4172850836703,1798.0581005788276,7704
2020-12-23,1800.2022693810807,1800.4696616951526,1802.7309150076494,1799.9651918446355,8433
2020-12-24,1801.4691805302673,1801.7908783364633,1804.832865532826,1793.1197084733233,3511
2020-12-25,1800.7615110646484,1800.0934206110053,1803.8009361871987,1790.3465146505198,1143
2020-12-28,1801.2053304927947,1802.1973728423313,1804.5015394635047,1799.8507351248477,8367
2020-12-29,1801.979964546224,1801.8050047895285,1801.9947027670871,1799.4902526518756,4228
2020-12-30,1801.053034074646,1800.297288915153,1808.346482015526,1791.6131936756838,5582
2020-12-31,1800.993508718584,1801.5300185621545,1811.1984735601472,1791.728870739022,7031
2021-01-01,1797.752241378515,1796.853773396724,1799.9951762113656,1792.6574995686558,5243
2021-01-04,1796.7278537371808,1796.7560348945499,1803.386506812584,1796.22162901449,3713
2021-01-05,1796.4752855857876,1796.4661665891433,1803.8942488553746,1796.072248252215,5185
2021-01-06,1795.2275024038227,1796.3133979696543,1804.7976517605596,1789.4880037431326,8328
2021-01-07,1796.8599137077545,1797.3346119406344,1801.5609039107705,1792.9309626188226,5633
2021-01-08,1795.4297723297936,1795.4047453710484,1798.459081386198,1795.1182210952718,4192
2021-01-11,1794.9897278430967,1795.807494142297,1799.0604454825273,1789.1572039199712,1300
2021-01-12,1795.1204684203828,1796.5106759694002,1803.6368893003853,1795.0074430544926,1723
2021-01-13,1796.561741709449,1797.119552015801,1805.2873466808574,1788.6880221279564,6694
2021-01-14,1795.1258795582696,1795.136232178113,1796.952371855679,1792.061551331236,4010
2021-01-15,1796.2890433104244,1794.9772070780743,1799.9984533920021,1794.574627047982,6555
2021-01-18,1796.299276371444,1795.2341627083686,1805.3186783389356,1789.3506404985371,1067
2021-01-19,1795.3177677203962,1795.0125430160415,1803.3847029173437,1791.035698871711,3506
2021-01-20,1795.7798711946593,1795.1703589925,1805.6284552222842,1785.4323548589286,2537
2021-01-21,1795.978930890233,1795.7919595872474,1803.5214134870537,1790.3499729622104,1397
2021-01-22,1795.3787140130742,1795.4353639379713,1799.3673159482505,1792.6263222027042,6680
2021-01-25,1795.4485160980641,1795.978208852421,1801.8845871923672,1788.3541274517245,5825
2021-01-26,1795.0632025012023,1794.9927037231432,1801.6733450436755,1792.2777836977161,9747
2021-01-27,1795.1767198464536,1795.6632214902797,1796.4477796534509,1786.134286932378,7048
2021-01-28,1795.8388505209746,1795.9033249357847,1801.3482945268233,1792.0916308159008,4661
2021-01-29,1797.4248673371198,1795.449400770766,1804.518075621846,1789.950715143004,3941
2021-02-01,1796.1870518382932,1795.2477164444745,1797.8602648783037,1794.741985406232,8067
2021-02-02,1798.3200852129494,1798.1759976572278,1806.126402387205,1793.9147852777055,6091
2021-02-03,1796.3679974134268,1795.1583026705857,1802.205725218568,1786.8346672739758,2601
2021-02-04,1796.2162123183914,1796.8161410483876,1806.3383589053635,1788.1597242647579,2480
2021-02-05,1796.8045295248758,1798.3352803572195,1798.7595033392884,1794.5613439363406,7230
2021-02-08,1797.0855213926109,1798.3042832443082,1800.9575446198628,1794.8247306825053,4276
2021-02-09,1796.4628218727903,1796.24937900186,1802.4783606657886,1788.0763258797276,7447
2021-02-10,1796.254699622433,1797.7454257592829,1800.7110248813422,1786.9507154207397,6499
2021-02-11,1795.7616986877742,1795.9103661449763,1803.0546077856886,1794.8080894750442,7273
2021-02-12,1795.17233393083,1794.835247959712,1802.7623867560494,1790.3346615654498,2299
2021-02-15,1796.021936027851,1795.4085333643102,1797.0470956685158,1792.033990574668,6818
2021-02-16,1796.378951513816,1796.0764818273278,1801.5174961558837,1787.3695972727535,7701
2021-02-17,1795.6860419185555,1795.2978651000142,1800.774947474466,1794.462615953214,5994
2021-02-18,1796.5856417939885,1796.756058016364,1800.4488657185195,1794.4743823684082,8489
2021-02-19,1796.8929413148653,1797.053515295915,1806.3827639216117,1789.3682579390004,9269
2021-02-22,1797.7058034337042,1797.7088494538575,1805.9839126525897,1797.1928649438921,3831
2021-02-23,1798.335432275628,1798.7723704453742,1805.7444642644707,1793.410078468485,3721
2021-02-24,1797.5064372647057,1798.697083539492,1805.840349896842,1793.0853669179085,2532
2021-02-25,1796.9462562245087,1797.89581035995,1802.5129717980813,1793.6022444346213,9429
2021-02-26,1797.693549829632,1796.208651861182,1806.9034950405978,1792.2629287079928,6253
2021-03-01,1798.3039200950655,1795.7499989601636,1805.2498743675983,1790.4505930908613,2996
2021-03-02,1798.2830185011014,1799.2173384123407,1806.507149028899,1796.6693449172176,6311
2021-03-03,1798.4003458844102,1797.0334671859948,1807.0172549222837,1791.313508403159,1277
2021-03-04,1799.6780107801985,1799.4532453783058,1802.4187266736205,1791.398922085306,4089
2021-03-05,1799.0864393913628,1797.9163263653033,1807.1571484300298,1790.3147170674017,1523
2021-03-08,1799.6335367725328,1797.831556334953,1801.5859428020976,1796.2925572880151,5275
2021-03-09,1799.4313441200989,1799.9728068483037,1803.4262263707526,1797.9388494226841,6365
2021-03-10,1799.2136629168717,1799.9728180771745,1803.3289226198729,1796.5319192394227,4122
2021-03-11,1800.312439768859,1799.7359293681322,1810.0976944527504,1796.125182104722,9167
2021-03-12,1801.137856117847,1798.546813825702,1809.7032283553262,1794.4622580116172,6190
2021-03-15,1801.9513657538475,1801.405121305595,1808.96306436975,1794.6081491372615,5575
2021-03-16,1803.2568445610018,1803.6486485664043,1810.919216182558,1802.6900402393435,8727
2021-03-17,1803.2778484026346,1801.7989368338606,1808.8985763466603,1801.4522097916,2797
2021-03-18,1803.9598013739296,1804.1431612937088,1813.614067964794,1800.0406957444904,3131
2021-03-19,1803.649534617336,1803.634224768163,1808.6121221461597,1796.6625878467833,8322
2021-03-22,1803.9737009698247,1804.5529924694258,1808.3581695681248,1802.0393475402598,7500
2021-03-23,1803.8435579154568,1803.9631382838709,1805.5934916531867,1797.4285131028944,1815
2021-03-24,1803.9405538804497,1802.967484939568,1811.8026104030603,1800.369203560165,9634
2021-03-25,1804.5357109058866,1805.732282407551,1813.0767217283071,1795.6748498177515,7666
2021-03-26,1803.717490222653,1803.558960649626,1807.5610406078943,1794.60206120696,1142
2021-03-29,1805.8098774983384,1805.7825729588285,1806.0618116379308,1802.8097009160151,2410
2021-03-30,1804.803860116839,1803.8705921577657,1813.193833394019,1801.5706546181334,1534
2021-03-31,1803.589671504051,1803.1463892528595,1803.7038513385917,1799.0333495321972,4364
2021-04-01,1804.7477823775512,1803.8629796635244,1811.7847801738417,1801.4576638117228,2032
2021-04-02,1805.5394450715141,1805.3664990115908,1815.2420161687746,1798.6426605786737,4342
2021-04-05,1806.1635648885663,1807.8752733687086,1812.2518866501905,1797.9029180430834,7085
2021-04-06,1806.7919103978304,1805.420009254899,1809.14164444779,1798.689087945787,5500
2021-04-07,1806.7796636249836,1805.1661022271069,1813.8283737254174,1796.9225977546134,2172
2021-04-08,1805.8824092534978,1807.3535795809914,1815.5248610011472,1801.9124876314231,5517
2021-04-09,1805.9582138116914,1805.7488901345396,1811.4225169724698,1804.1857204274509,9007
2021-04-12,1805.2810521001793,1804.6119793615194,1814.9514048527408,1797.2324698875434,2641
2021-04-13,1806.2561718335971,1807.2960765209932,1807.8127637375728,1802.6514267821815,1471
2021-04-14,1806.109114452095,1805.503498912358,1811.1570704351402,1798.7907906600667,3940
2021-04-15,1805.2836172553025,1807.1096269688494,1814.2941664420748,1802.577177835485,9738
2021-04-16,1804.9622314136495,1805.6401572849888,1814.2665619964807,1804.149935065583,5726
2021-04-19,1805.3751628679252,1804.8872514597795,1807.1677189870031,1794.9614335049018,8670
2021-04-20,1804.8114383151212,1806.9687465283866,1814.9687813460234,1803.2494232358151,4723
2021-04-21,1803.9892179195547,1803.3835029965514,1809.51628867674,1793.4992930569167,1363
2021-04-22,1804.2329051310467,1804.975000503056,1808.9405373229556,1794.4601058053822,4309
2021-04-23,1804.4778717021554,1804.777164282562,1806.0943145683527,1796.5396906630751,1545
2021-04-26,1803.9709285267843,1805.272669816183,1813.925627405272,1797.3766989059643,4240
2021-04-27,1803.499890221166,1805.0614014178927,1806.6341334996898,1797.721819718655,7665
2021-04-28,1803.7319401585235,1803.7639443075893,1806.8618228996804,1795.070924704745,2936
2021-04-29,1802.2838558170263,1801.5304379466802,1805.1843111366506,1798.6360427304853,1882
2021-04-30,1800.8763920426497,1801.3363641855888,1810.0505045274972,1796.199579917801,4840
2021-05-03,1800.157947821397,1799.480232451645,1806.8849777634862,1793.2863327579798,7923
2021-05-04,1799.9445006696853,1801.957887917212,1809.9247018891258,1795.8325959109904,5611
2021-05-05,1800.2554082352833,1800.391943566366,1802.896622554291,1795.9805436943807,6204
2021-05-06,1801.730764452233,1801.365442900921,1807.979505448303,1798.0625962259,8288
2021-05-07,1802.588424075435,1802.7731043812998,1808.4905642127374,1796.9461059085895,4203
2021-05-10,1802.4284855454714,1801.0813592559416,1810.7567893133541,1792.5756139757905,3244
2021-05-11,1802.409469337569,1801.4378552990584,1811.4703399423815,1799.4225715189953,1018
2021-05-12,1801.406939972931,1802.6073538808755,1802.7289215956494,1792.0626095853966,1641
2021-05-13,1801.3884268369386,1800.7315325579673,1808.1286260275265,1793.840656020485,4083
2021-05-14,1801.0997681980184,1800.0528572153364,1801.6181261892157,1791.820125088536,6200
2021-05-17,1801.4224867583566,1801.959139510884,1807.4477261616576,1795.8605798320566,9521
2021-05-18,1800.5952558148042,1801.7809599694672,1804.657287259904,1792.8000888005636,1865
2021-05-19,1801.1146023290455,1801.8335556397105,1804.901321634932,1800.952598355651,1773
2021-05-20,1802.647341242048,1803.6433889278537,1807.1729739623772,1794.4635369942528,5732
2021-05-21,1802.5385810935911,1801.7817860050216,1808.7515055840872,1801.3803974141679,4518
2021-05-24,1802.94029281569,1801.5184821489484,1806.2807924723777,1792.6193483853197,7795
2021-05-25,1803.630436807401,1805.1317704593566,1812.4587609652594,1793.7108093350146,7984
2021-05-26,1803.2292163355153,1802.9065364966732,1807.274490191254,1799.9658618749054,3567
2021-05-27,1803.4533088173257,1803.2024758008706,1804.1368408204253,1801.0992902380126,2674
2021-05-28,1803.4659012181075,1804.7940953599566,1812.6316937847976,1795.812267579527,1739
2021-05-31,1803.5635773166564,1804.119807326057,1806.9773905719842,1801.033313907454,2545
2021-06-01,1802.7905675328009,1803.2464553048824,1807.574124100875,1794.1349437010788,6127
2021-06-02,1802.8150777070598,1804.9800800519608,1811.83451888418,1801.786651785485,7947
2021-06-03,1803.3130759983053,1802.6695577679252,1806.6376375697923,1801.4100058041315,7620
2021-06-04,1804.7642196061004,1805.6920597341816,1806.2579162956488,1794.9727040550943,5555
2021-06-07,1805.7234904321856,1805.7805035570827,1809.519714027211,1798.9851014494855,6645
2021-06-08,1807.8766728896971,1808.1452651685604,1817.5897509955034,1799.4078006454076,9943
2021-06-09,1807.109325326809,1808.6377937532216,1815.0551377262072,1803.8660315532939,8124
2021-06-10,1807.9816459635297,1808.4894817198192,1815.2042732064913,1801.2168084683237,4732
2021-06-11,1808.1649879692682,1808.7032840483178,1815.026105584694,1802.2225696961823,3283
2021-06-14,1810.3547909024858,1811.4272982397956,1813.41721962939,1804.3232897012563,9669
2021-06-15,1809.5464926171305,1809.1815398875876,1813.7298312581534,1802.3562152922104,7998
2021-06-16,1808.7067707749497,1807.8675611076108,1816.2161687585829,1802.1139693763198,6413
2021-06-17,1808.1073781295058,1807.0625689354847,1809.1211071050375,1802.771945242458,2269
2021-06-18,1805.9834824051961,1804.0171258158202,1808.7620101660932,1801.2578988720147,8868
2021-06-21,1805.4577273835152,1807.5139345134555,1810.277125598114,1797.7719140743832,3603
2021-06-22,1804.6985947219616,1803.59538635624,1809.0187839979067,1801.3326620562082,6961
2021-06-23,1804.8489885084377,1804.6277348848519,1814.6526759178596,1797.7041918233076,9569
2021-06-24,1805.190744484215,1804.913931184326,1805.8657699510532,1802.5806029578328,8557
2021-06-25,1807.0669153234307,1807.3743220212398,1812.5613319650458,1800.813613623886,2680
2021-06-28,1808.017339161617,1808.8330763741562,1810.6267231942784,1800.5465564903268,9433
2021-06-29,1807.4404355059544,1808.300908994314,1818.0076744484115,1805.253296616889,6682
2021-06-30,1806.542020834606,1805.958943396037,1807.6750558818808,1805.359510387424,9084
2021-07-01,1807.0339400061125,1806.8668182923261,1811.0699500297285,1805.5570808623843,6367
2021-07-02,1805.713706799092,1805.9962867495803,1813.3751365979265,1799.6537371263819,1069
2021-07-05,1807.5451655649463,1807.2964744387627,1814.5907098452208,1798.8020103765055,4924
2021-07-06,1808.7246056856677,1810.3319512616877,1814.559237630627,1808.2746374733135,7200
2021-07-07,1808.255430033563,1808.7464049852013,1812.2116466647285,1800.9139174431466,3007
2021-07-08,1806.5422955044721,1807.277173290522,1811.2532970760506,1803.1291090449715,9992
2021-07-09,1807.8961678786375,1808.559049147305,1811.2018117788914,1803.1108841794423,9119
2021-07-12,1807.7816280333848,1808.95510189087,1811.0084312779381,1798.4930325349292,3779
2021-07-13,1809.0194443453584,1809.200465904062,1814.0308628796508,1805.699729298,5920
2021-07-14,1807.4250166865638,1806.128184738608,1810.11035424724,1801.4748153992132,1755
2021-07-15,1806.8256416636102,1807.2253296153629,1810.0999462643354,1806.6888175160034,7495
2021-07-16,1806.8308853633284,1806.1795284695365,1813.398445998074,1805.3635412694882,6935
2021-07-19,1806.877865957093,1806.3492492753433,1816.563239274092,1803.7633333639953,3330
2021-07-20,1806.427800485614,1807.014164504369,1813.0505365099627,1806.149278077403,6705
2021-07-21,1807.0506504179614,1808.288933489395,1809.0587281600447,1800.7368971574788,9301
2021-07-22,1805.9830299885787,1806.0043015653148,1806.7601377038554,1801.7190464205623,2016
2021-07-23,1805.8406505035575,1806.1494835161566,1815.6637157246123,1800.3591984762772,8347
2021-07-26,1805.9609461352693,1807.6631610799045,1810.6360689829778,1804.214474276306,9216
2021-07-27,1806.4753849693282,1806.7161381488168,1807.6368080096415,1803.516064674962,5938
2021-07-28,1807.186999847417,1809.7886829615973,1815.7791288331011,1800.5487550988896,3838
2021-07-29,1806.0623577555791,1806.6278674012106,1812.8643551841133,1796.409330519275,1737
2021-07-30,1804.5282435848435,1802.7674808256877,1811.0132917860303,1802.2633130896656,7200
2021-08-02,1805.805920406742,1806.5592620278464,1809.2332823064219,1796.9020771981893,9371
2021-08-03,1806.1382344187216,1806.5193928036044,1806.6704996457493,1800.3694224056096,1231
2021-08-04,1805.389747882165,1806.6795006362477,1816.3296543307924,1799.750552214609,2917
2021-08-05,1806.9408998576876,1807.6140812089575,1810.1230116658685,1801.93811450561,9534
2021-08-06,1807.0565744919804,1806.9181185079967,1813.816837372506,1806.224177648955,6918
2021-08-09,1808.2358716760443,1807.011573439755,1815.3021703748313,1806.1128049223935,3623
2021-08-10,1808.3033901574543,1808.0943669001683,1814.4034643282491,1802.0852468435774,9646
2021-08-11,1810.3641380823362,1809.513617628127,1813.4932120244728,1806.1040319137712,7401
2021-08-12,1812.1194789247795,1811.5389554749747,1814.8304414624201,1802.3662748091979,8072
2021-08-13,1811.8705147763005,1812.459093180721,1818.435776007748,1807.8046094027059,3276
2021-08-16,1812.842085727255,1814.5119902316064,1823.1729465677233,1811.4092711402286,8393
2021-08-17,1813.48746167684,1813.882133206663,1823.3494704958969,1806.3402733418197,9787
2021-08-18,1814.8560932343723,1813.6602101723372,1815.91515127841,1810.726675957927,4874
2021-08-19,1813.8911697737922,1814.3357724420123,1815.8840585679895,1808.6364667002333,5530
2021-08-20,1814.5772212337906,1815.7738527204363,1825.2212153082671,1807.598893378739,8164
2021-08-23,1815.6356457206402,1815.0258628163208,1823.0009980039881,1806.0232217043,5497
2021-08-24,1813.8769062342171,1813.7428890675442,1822.706844482515,1805.8209771195275,8933
2021-08-25,1812.6936477215513,1812.7083359162805,1814.734662257634,1805.930037042824,3135
2021-08-26,1810.6544155437912,1809.8695172307089,1816.5302742548852,1803.0731854067574,7727
2021-08-27,1810.3850087093467,1811.0332891431906,1818.0446850873652,1800.9257622690259,2565
2021-08-30,1811.1025509651427,1810.9816028165349,1817.9036698196123,1808.0233618415696,1308
2021-08-31,1812.6049080172386,1813.0244404611456,1817.1059573698126,1812.5937870752766,9534
2021-09-01,1812.6790027976585,1811.7915106198564,1812.8329517145717,1809.0719650258743,9627
2021-09-02,1814.3076183432297,1813.8701600429063,1820.1368789112723,1811.691246246639,9368
2021-09-03,1812.927516885015,1813.6498982428427,1816.1809136346387,1806.309171033875,1138
2021-09-06,1811.2241344456597,1810.851301293568,1815.7266769070886,1804.5141852959127,1193
2021-09-07,1811.1685867467631,1812.8955505979966,1822.4713607488347,1805.2339729197158,4257
2021-09-08,1811.5526521957024,1811.1530160100879,1815.5430053721268,1810.9905815779932,4235
2021-09-09,1811.5199574476082,1811.74464217336,1820.1426582400043,1804.2321769031018,1942
2021-09-10,1809.4525153475684,1810.3851061794414,1812.2705122369339,1806.2172112227133,5620
2021-09-13,1809.3633953080557,1807.9450295751226,1816.088000288306,1801.2944696850564,6720
2021-09-14,1808.0589258075508,1806.2981169955701,1817.8289953519402,1800.7323327105487,7353
2021-09-15,1808.7285983563809,1807.2029420418107,1809.7475293651103,1803.7756327875315,5957
2021-09-16,1809.0951966024777,1810.3577807059048,1810.4409801281768,1807.7494339314367,4381
2021-09-17,1808.1553168161504,1807.6034586702579,1812.4911447424765,1806.659269693653,6839
2021-09-20,1807.6414498988136,1810.1996491844818,1811.1259040149955,1799.3262665676914,3880
2021-09-21,1806.5822363769246,1806.0179887782672,1814.066079873687,1796.8340133574516,5887
2021-09-22,1806.5195572796515,1806.7041085828484,1815.849595221334,1800.0216768120085,1545
2021-09-23,1807.4746996001527,1809.0168095527206,1813.3570192798081,1806.4403584515478,2927
2021-09-24,1806.4889735538172,1808.4950664419764,1811.0821828635308,1802.4687013849348,5152
2021-09-27,1806.993020069335,1809.0545236459714,1813.3985568360374,1799.7036280682835,1004
2021-09-28,1806.4627624509626,1807.6711286815557,1814.9056068600557,1798.664553610862,6533
2021-09-29,1805.6698896187002,1806.6939521445115,1806.7844937603152,1804.4877033957894,6378
2021-09-30,1805.5628592587457,1806.1553862079468,1812.0499261027937,1805.5625520702918,7233
2021-10-01,1804.5276169363262,1805.305978012493,1811.4388948613666,1797.4062464775202,3663
2021-10-04,1803.9739676309791,1803.4227819146506,1810.3508500999385,1799.8568201547885,4326
2021-10-05,1802.7760897383903,1801.957890854968,1805.196310538199,1799.4130775387853,4659
2021-10-06,1804.7408148713066,1804.7374404138957,1811.881342105088,1804.6084657160004,2131
2021-10-07,1804.7760784232785,1804.6058938007536,1805.6899932865963,1799.2028997331386,5763
2021-10-08,1804.0763529152857,1803.6231248659585,1806.0690562799537,1795.1116175116988,7737
2021-10-11,1804.29033282602,1804.9867202734767,1813.7614207400215,1794.7140163632941,6092
2021-10-12,1804.1780047763293,1805.1333099848998,1812.5205414921654,1798.5205552701964,7022
2021-10-13,1803.957035176796,1804.0454420630876,1804.1828976032011,1798.812421899397,4159
2021-10-14,1804.5712018768395,1806.0487319578947,1808.5324945615928,1803.720638021947,7159
2021-10-15,1805.3287095868868,1804.1870204727534,1807.4727744168185,1798.6982924573274,8318
2021-10-18,1804.798208439276,1804.6045489799965,1807.5062717196458,1800.8047581903425,9445
2021-10-19,1804.2223901986315,1803.5055678780286,1806.6979879014305,1797.4342150691928,6307
2021-10-20,1803.9473385014799,1802.0808018844068,1804.5726014589084,1798.1935384056414,9520
2021-10-21,1801.6454173367442,1801.5627366509016,1806.2348225027124,1799.159745416398,4044
2021-10-22,1800.1302262745457,1800.0084787661624,1807.4575610224074,1799.0588260138786,6636
2021-10-25,1801.4971005419902,1803.0105502852323,1809.0778675324066,1798.3479160961012,3892
2021-10-26,1803.1420682554915,1803.7728799400463,1810.501596626027,1802.175619912614,6288
2021-10-27,1802.8930322159351,1801.8688453916059,1803.7045240012976,1800.099875883366,6812
2021-10-28,1803.4695891789909,1805.323681745325,1814.838588847093,1793.5962275931954,1654
2021-10-29,1803.7808393335345,1805.0018730290599,1813.38679136749,1799.3398037644683,6481
2021-11-01,1806.8597201419898,1807.4418178454584,1815.4927210304152,1801.5410024769396,1759
2021-11-02,1807.9792950534243,1807.7528109545744,1816.2091331038419,1799.0166256672023,7782
2021-11-03,1807.8513774619435,1806.89193822522,1817.178482543271,1796.9362492203131,2798
2021-11-04,1806.8958370213431,1806.523630245272,1812.3383766824802,1800.696485751825,6159
2021-11-05,1805.2893907010855,1806.3781393207896,1808.380959499466,1797.1646524906437,9446
2021-11-08,1805.4928543369526,1807.3774406428872,1813.5452767214126,1802.2234440935858,6262
2021-11-09,1804.7365035916685,1806.2797471199406,1813.70856205662,1801.6790640171955,4823
2021-11-10,1803.3142498820707,1802.8254004602845,1810.693423815611,1798.798363250339,2876
2021-11-11,1802.6676769978283,1801.5480595645392,1807.882167239497,1794.8229869378029,7154
2021-11-12,1801.5861289942138,1801.727015241125,1802.4116024344607,1794.764212101663,8787
2021-11-15,1803.2732706292863,1801.5048312637234,1806.9844000135877,1798.352436917229,5516
2021-11-16,1804.1549103862358,1804.4780781004206,1813.685744185054,1802.8228111448695,4734
2021-11-17,1804.1469377449193,1803.9993351586206,1809.9914268424936,1797.6753725939654,6972
2021-11-18,1805.6268818838093,1805.160845381941,1811.0102013163664,1803.8775867600534,7639
2021-11-19,1805.7042501914568,1804.10954712419,1808.3927853352789,1798.3246220418966,6356
2021-11-22,1804.8429659901287,1805.3565660966985,1809.0410552958642,1797.9087447095656,7380
2021-11-23,1806.3660900673983,1805.8333892277365,1815.31955095893,1798.8272742637919,2008
2021-11-24,1806.905000111083,1805.7350832753727,1813.5696305863512,1798.2003621687768,5314
2021-11-25,1805.8677539567566,1802.995491743475,1813.7416242242798,1794.2668975278184,3508
2021-11-26,1805.677415278673,1805.6499003736224,1810.2208695093495,1800.6503104539745,5758
2021-11-29,1804.8017970252881,1806.574048621958,1812.8765208165196,1797.4993051299923,3682
2021-11-30,1803.4189972943238,1805.0802565088718,1807.564092596304,1797.2272699406656,8311
2021-12-01,1804.3451748418554,1803.888078585269,1811.3997831446902,1802.0216791872922,1989
2021-12-02,1806.2545914823256,1805.6523794219638,1810.530604819359,1805.3954829732697,9446
2021-12-03,1804.8560239085064,1805.3247981645814,1809.7502533127288,1802.010610051737,5711
2021-12-06,1805.418993145197,1804.4206077060087,1811.9122163909658,1799.9902706426326,7479
2021-12-07,1804.7683505760751,1805.0701424758945,1814.4329486905838,1798.5972911317886,7964
2021-12-08,1804.2812251923106,1805.0473054706952,1805.6873689367815,1795.7816318872785,9075
2021-12-09,1803.6888312680717,1804.915764491956,1813.163196865426,1801.72637410101,5452
2021-12-10,1802.8248404983917,1802.7246864219119,1805.7486716025137,1801.4691885229272,9447
2021-12-13,1802.8733621263366,1802.6696883761597,1807.3125566714004,1793.0348889014165,2007
2021-12-14,1802.0424120099256,1801.164429423169,1802.2615452976756,1800.0839838294048,7496
2021-12-15,1802.3128688357053,1801.4859884816656,1805.3233296140484,1796.7010777805938,8688
2021-12-16,1802.2626307262562,1802.0361518343548,1807.2889431525575,1796.1805145464218,4908
2021-12-17,1802.0236826793898,1802.391048186206,1802.9528089596804,1796.6099384703155,3803
2021-12-20,1801.1161190173482,1802.0297036435813,1806.940660937413,1800.2557974470187,5379
2021-12-21,1800.5393476867798,1799.7361687360994,1809.810453975364,1799.1658995960634,1098
2021-12-22,1801.2947389126057,1802.7874274815651,1803.8413596626433,1800.2399046379953,9388
2021-12-23,1801.79565610023,1801.5245324991874,1809.440063380985,1795.6686556604614,1877
2021-12-24,1800.8181008554316,1800.796733561083,1804.9148113891915,1795.35328468474,2868
2021-12-27,1800.9174331608608,1800.170221481713,1807.4691703061042,1797.8328135613456,3665
2021-12-28,1801.6688202842324,1799.2445800239595,1804.2711862640847,1792.8668386055035,2388
2021-12-29,1799.9994150031112,1800.8834603994721,1802.4783830248857,1791.7987399825547,3415
2021-12-30,1800.542775195491,1801.2796190925835,1802.8842452352958,1800.1269855970252,9761
2021-12-31,1799.8801514365452,1799.598823879427,1800.5850708929768,1794.6175244439466,3637
2022-01-03,1800.4507501051385,1800.5177408223633,1802.3742078713758,1793.5576459841116,8242
2022-01-04,1799.687490948596,1800.2034301663,1806.8456240161897,1797.164371677899,9613
2022-01-05,1797.8826088479314,1796.3200629910448,1806.6995149663665,1793.2423539381132,3883
2022-01-06,1796.2550664100481,1795.7260137327019,1804.3963232659598,1789.589634702808,2204
2022-01-07,1796.3031513567096,1797.0974160363314,1803.9487591350762,1787.3237984222721,1544
2022-01-10,1796.562873858431,1795.3085844352618,1797.667192492542,1787.2093402322328,2223
2022-01-11,1795.6585572333267,1795.9521151654933,1798.8439896284528,1789.827255042331,4172
2022-01-12,1796.297149692104,1794.9405678874807,1799.3952184453287,1787.6383507099083,9959
2022-01-13,1794.635629629835,1795.1020596122685,1797.6016290762448,1790.9874049277569,7450
2022-01-14,1794.5695498311877,1794.5339083488902,1799.719606428285,1788.1242530679026,7520
2022-01-17,1793.3585336314252,1791.7434018155197,1798.714071780222,1787.081585904244,1654
2022-01-18,1792.7066975236232,1793.8714368780804,1797.4402966297916,1790.8073361590477,7821
2022-01-19,1792.7540961949396,1792.0195046181416,1796.291987782304,1785.002121879369,3446
2022-01-20,1791.8936828296555,1791.083430392641,1800.1792388087163,1785.518784019153,6892
2022-01-21,1791.5091272854258,1791.7096964826567,1799.6026249658535,1787.92291146589,9412
2022-01-24,1792.5154200946401,1793.664057444069,1796.7420157608765,1783.4020281938538,4666
2022-01-25,1791.9385282251171,1790.9227064061388,1801.0764126638496,1790.7133652278715,5277
2022-01-26,1792.7742203371822,1792.8359001870301,1802.3640503570552,1789.6164888246872,5402
2022-01-27,1791.6445134825246,1792.0733299828553,1795.3407554031558,1791.0756995047482,3569
2022-01-28,1792.1743176604398,1792.8674232677029,1796.4116727556334,1784.5090444982236,6515
2022-01-31,1793.6158862810978,1793.792327836375,1798.8486693705947,1786.5948117399598,4985
2022-02-01,1791.1442417809706,1790.7772139418873,1800.5554499063073,1787.4636917545242,9167
2022-02-02,1790.3473465255,1789.5197563048512,1799.110540856923,1782.7631272827805,8448
2022-02-03,1790.9244186526805,1791.0105625357269,1792.0362421615628,1786.965046390721,5310
2022-02-04,1790.7213732666376,1789.649234254652,1794.6486806993516,1782.0866963404276,4019
2022-02-07,1791.0925191400088,1788.1711686565143,1796.6262310375066,1783.6293320291472,4681
2022-02-08,1790.488533953293,1790.9250937574507,1795.956418482966,1786.3657366749762,5196
2022-02-09,1790.575123740766,1791.479058581852,1793.417689261221,1781.227824585883,1572
2022-02-10,1790.4194465053738,1788.056514069832,1799.0076142170553,1785.547723070925,5753
2022-02-11,1791.5872285670337,1790.5774978623238,1798.3566363970021,1789.373024462358,8082
2022-02-14,1791.8416494103349,1792.46080367134,1800.839887419858,1785.9962182777404,5002
2022-02-15,1792.17925207241,1794.2367475421217,1802.8243903356165,1782.4860339495683,6629
2022-02-16,1791.7673751062875,1791.788168813963,1799.2717273506205,1787.9889829690158,9417
2022-02-17,1791.2797688822152,1790.5517659409861,1795.6718748947123,1789.9313983046984,5200
2022-02-18,1790.8472106943955,1790.6643142532907,1796.9526782445498,1787.271261580195,2997
2022-02-21,1791.241662836774,1792.6165392559221,1794.2201933171195,1786.1823462935783,9963
2022-02-22,1790.8206783559535,1790.174714176829,1797.5571325307026,1788.5554841105068,8422
2022-02-23,1791.11045321285,1790.3112612061998,1792.9029857702428,1783.7302390256348,5524
2022-02-24,1793.1858540114954,1792.7031104893133,1800.1253499165969,1782.7256165992112,9625
2022-02-25,1794.056978714927,1793.1036501066683,1796.3529603224667,1788.586255346854,4407
2022-02-28,1793.7309551827593,1793.8536254987541,1795.0291385002563,1790.1836696154571,7731
2022-03-01,1794.932169104923,1796.5568475633927,1798.2096924648222,1790.9251274365784,8795
2022-03-02,1794.5240937319015,1794.8471730050176,1794.8670943572083,1793.3726319479495,3793
2022-03-03,1792.4859691967238,1792.2336156945976,1799.673365375259,1783.4008796803353,8334
2022-03-04,1791.4778828858064,1791.1860716168908,1798.8018933763901,1787.0378150616773,3911
2022-03-07,1789.6070909647806,1788.043900156084,1794.7564244639132,1784.1711560418355,8952
2022-03-08,1789.2555774807392,1790.1386872578864,1791.7523152684403,1782.6586747514345,3415
2022-03-09,1789.2739958599288,1789.196158662916,1790.1095392350358,1784.7758244536049,1250
2022-03-10,1790.9504331722042,1790.7699532586134,1791.141722836577,1784.287618570535,5951
2022-03-11,1791.2773605459681,1794.470468113813,1796.1279498834651,1790.6628976446602,9098
2022-03-14,1791.0582600171595,1791.3570129255252,1800.2655682753566,1782.9210265799372,6289
2022-03-15,1791.887665598343,1791.1358745482478,1794.3030340153598,1781.7308350194537,9102
2022-03-16,1789.676530289335,1789.2501726931296,1793.2192435615073,1782.7625188315358,8257
2022-03-17,1789.9121448474434,1791.0605905566401,1792.1140454014535,1780.3664855588554,6565
2022-03-18,1790.6830100413306,1790.7962804518684,1793.01989349935,1789.168686897631,7437
2022-03-21,1789.2044237955506,1787.7661458172333,1794.3966695033528,1782.9919839224299,2173
2022-03-22,1790.3481778387575,1791.2674067733326,1797.344933604289,1784.330110499303,9624
2022-03-23,1790.686674246252,1790.018530160713,1793.1401973879142,1784.201163686501,1835
2022-03-24,1790.271386332351,1792.1446841085685,1792.7220057008196,1786.2567685414606,3262
2022-03-25,1790.9041681984575,1791.9842162641721,1795.894544955446,1787.523324104795,5567
2022-03-28,1793.1748610562618,1792.727539160603,1795.5168947655252,1791.459298935099,4815
2022-03-29,1793.3567273113204,1794.6377436730554,1796.8332829053534,1789.4393028056975,1246
2022-03-30,1793.6049478976206,1793.672803408148,1803.2714314352825,1791.9783397465658,3429
2022-03-31,1793.1455869980805,1793.9983606732028,1800.16136553246,1785.8019302331584,6287
2022-04-01,1792.2957426286157,1792.7804754459103,1798.3492598776313,1790.2074332736697,3607
2022-04-04,1793.12607844516,1792.279721790169,1797.2838294803933,1791.6940687373237,6930
2022-04-05,1792.269994619251,1791.6264447869337,1796.5594379535526,1786.1027834087613,5022
2022-04-06,1792.3415608564703,1793.3715216740516,1798.7805717124324,1786.3892635292764,5784
2022-04-07,1791.8639034097052,1791.5291280775987,1798.8282014800664,1782.8099974647937,7617
2022-04-08,1792.3428832354516,1791.9392347722096,1799.36434419727,1786.169418648033,4151
2022-04-11,1792.6765453407386,1791.7214227613892,1794.3934844177932,1788.2666142241549,6580
2022-04-12,1793.7140852849966,1794.13768435059,1799.1388118713562,1785.6839664697334,8054
2022-04-13,1793.2040688861418,1795.266593805385,1799.386174755726,1787.8012799542676,8706
2022-04-14,1792.9341939508483,1791.866661036594,1801.6394636135421,1791.0738581902822,8619
2022-04-15,1791.9554302350662,1791.9796496917388,1798.2938389039225,1786.2969246319337,5573
2022-04-18,1791.51113697499,1792.9233575304054,1798.2483981945652,1782.4309515207733,4491
2022-04-19,1791.888437468035,1791.8087960767891,1793.0423838898241,1787.845669821807,1706
2022-04-20,1792.6454260846801,1793.0977978809299,1799.154176774164,1789.6821680656822,7997
2022-04-21,1791.7232607605026,1790.6608672323557,1792.895299817305,1789.2261726621755,6233
2022-04-22,1792.5928666806083,1793.0211737778159,1796.3932395334734,1791.0784114612547,9945
2022-04-25,1793.9485045394133,1793.7613602744088,1795.3769241875566,1789.4336454309907,6755
2022-04-26,1794.3619394426369,1795.3476694383166,1802.2684059085602,1788.4051412010215,7960
2022-04-27,1796.238735255195,1797.4261213067598,1799.4886424451213,1795.432581203499,9779
2022-04-28,1795.4649460560913,1798.05450969811,1801.9731034299903,1786.0692601658398,2334
2022-04-29,1794.22029135278,1794.7999245259934,1803.7566723021812,1786.668955178328,6588
2022-05-02,1792.4415711038757,1792.767367420458,1794.8105312544476,1786.5753319210392,2847
2022-05-03,1793.937615415365,1794.1319997169423,1799.2100503565302,1785.653228705975,7851
2022-05-04,1794.591981071719,1794.2388147789081,1798.7846976833791,1793.436947210787,8211
2022-05-05,1794.5363964008086,1794.8748802442703,1795.0561206547277,1789.7680076234774,8865
2022-05-06,1794.8163650271283,1794.5209636169893,1802.7439461628564,1788.2200323483728,4317
2022-05-09,1793.69087597983,1793.8593369560997,1794.5497960192456,1785.4043469186472,7811
2022-05-10,1796.1366279594467,1797.4542254950547,1802.1967757048242,1788.301932358954,1164
2022-05-11,1796.265849141422,1795.2593065761423,1801.8726320908115,1792.4886140790084,8060
2022-05-12,1796.375243936027,1797.515122497156,1803.7993870633018,1786.9664422404348,4057
2022-05-13,1797.1010105599255,1798.4181256272655,1805.3044419203443,1795.8575521456169,5428
2022-05-16,1797.5820197916623,1797.4639512646713,1800.1147436268895,1788.7126150784597,1402
2022-05-17,1797.8059038159415,1795.6840489169329,1797.905691582526,1785.9746464208868,9605
2022-05-18,1797.015429360496,1796.4076073734016,1804.249865984045,1794.6360721411754,9236
2022-05-19,1797.486897717632,1798.7838922641931,1804.140458257669,1790.266237075594,7349
2022-05-20,1799.3689222141072,1799.3460541518084,1807.7300992461796,1798.9431989640284,5157
2022-05-23,1800.7143422602621,1799.7150400279672,1808.928225889269,1795.6608117765757,1867
2022-05-24,1802.3075288869015,1801.8027539656732,1810.7407905647804,1796.6399209736965,9210
2022-05-25,1801.7963132104703,1802.636933236975,1807.4878798367704,1795.9898609513739,1364
2022-05-26,1800.8067083902117,1801.3534419584132,1804.689725916782,1791.447335907726,8467
2022-05-27,1800.680921470112,1800.4419893709423,1808.5965034960257,1793.7194824980004,7571
2022-05-30,1800.7366463824007,1800.3698219705861,1805.2495875126933,1795.5570424583939,1579
2022-05-31,1801.8308379008718,1801.4390797518279,1803.6652598649061,1793.342329389169,8674
2022-06-01,1800.138373271157,1799.2159630866586,1808.6881134667717,1789.7106348771144,9737
2022-06-02,1801.6679235906174,1803.2832992800868,1812.1088980478103,1801.4472621037944,7468
2022-06-03,1801.5099156920385,1801.1875952228272,1806.17301325344,1791.362382500267,5150
2022-06-06,1801.0830346220912,1802.3001931429167,1803.0571904160145,1800.2217132314545,4039
2022-06-07,1800.070930246831,1801.5922462987535,1805.4705071979229,1791.9270624541434,5137
2022-06-08,1798.4160735749651,1799.4143844731132,1807.4497610677392,1795.612726049451,1452
2022-06-09,1799.239244158927,1798.807623846209,1808.2569844443892,1797.4858272686704,7537
2022-06-10,1799.3125621261156,1799.7162922164523,1801.7510196414282,1794.9140057289774,2381
2022-06-13,1798.0226012263745,1797.9984056199835,1798.6923373466273,1791.5588398255074,9154
2022-06-14,1796.727522454311,1795.8238205935809,1805.5010269856393,1792.0143021433462,2467
2022-06-15,1796.3917377550208,1796.7160970367424,1800.6101464265312,1795.8460836721938,3738
2022-06-16,1798.06075928031,1796.8817194891503,1803.4783689229857,1790.8871080925633,8572
2022-06-17,1797.8011679289466,1798.9888473174083,1808.6695054379159,1788.7771351678398,7747
2022-06-20,1796.2980249758284,1795.83340767853,1796.9636722549706,1792.0012540190573,1880
2022-06-21,1796.0522819117425,1796.2534415676153,1802.7366216421362,1793.8889541354342,4149
2022-06-22,1795.7795583419947,1796.062846213541,1796.8039004392897,1791.3537848826666,9276
2022-06-23,1793.0826716990532,1792.823766725349,1796.837360983718,1792.3401396148613,8892
2022-06-24,1793.0283768325353,1793.6150706340106,1801.6532160859451,1784.8235009877326,5144
2022-06-27,1792.7974423023268,1792.3225386457043,1797.1321646298832,1784.0591305362025,2168
2022-06-28,1793.4936486671402,1794.3649459645974,1804.3367695036268,1787.613644032844,4129
2022-06-29,1795.3426047620856,1793.9966250818388,1800.9331976115516,1790.465596192455,4645
2022-06-30,1796.4691697916332,1796.5955493711797,1799.8071708975392,1788.4713361471754,3526
2022-07-01,1796.2002811010784,1798.1392101001368,1800.3403233591844,1790.6534108531948,4516
2022-07-04,1795.0937551923366,1794.093423867731,1798.5989605351983,1785.8341007822307,4367
2022-07-05,1797.6671149955866,1796.9893700250618,1801.392447733182,1790.6747820992316,8338
2022-07-06,1797.726333429601,1798.2402412792599,1798.9273780564995,1789.882278697473,4555
2022-07-07,1797.740262721514,1797.9198445034535,1801.6155864977213,1791.7546327893365,6111
2022-07-08,1797.716137634404,1798.0667677336776,1802.7091529310699,1793.5747269522474,7752
2022-07-11,1797.914222395172,1798.4034095253196,1805.6307870477076,1788.3347637959105,1445
2022-07-12,1797.769861983248,1798.4045834518097,1804.9718782990258,1792.3587237344595,7364
2022-07-13,1797.1961999763678,1798.305899818324,1805.3935563706154,1791.1453047909624,4626
2022-07-14,1796.6493410351272,1797.0591596920558,1797.1427965108244,1794.4444646409797,5016
2022-07-15,1796.6165877649114,1796.375330110293,1798.7932617607169,1790.1188222160201,4875
2022-07-18,1796.0731629937775,1796.7457366949802,1803.3625795789787,1790.357086498948,6497
2022-07-19,1795.3603172111004,1797.2601991459956,1802.100092827793,1793.51193323163,7238
2022-07-20,1795.4667474387923,1795.3341136924096,1795.5198821954757,1794.7382427188782,1261
2022-07-21,1795.2117702213714,1794.2372409167008,1803.2567166456895,1788.1936477195532,5992
2022-07-22,1796.715763209954,1797.822843879241,1805.5509396121442,1789.0788405164508,5025
2022-07-25,1794.064793401561,1793.9444122376074,1799.5489850314966,1788.7103985283873,9283
2022-07-26,1795.1563002534836,1792.9836307074695,1795.8209335112463,1790.715904454273,5222
2022-07-27,1796.4023854459813,1797.2498071231316,1804.9149576184575,1789.737165679051,5175
2022-07-28,1794.328995213573,1793.7936670276192,1800.1661310908867,1792.9926097615232,4443
2022-07-29,1793.9863076194927,1793.8957743371884,1801.8059073910722,1789.4774372891688,6011
2022-08-01,1793.614866753497,1793.946847084066,1801.4643170080244,1791.9811991695128,1693
2022-08-02,1792.207355058779,1792.3978547385582,1800.4278754581364,1790.3627645481802,9347
2022-08-03,1791.4295383711883,1792.1389901883274,1797.3190708523737,1789.4065988796062,2812
2022-08-04,1790.3189625257223,1789.8834761551525,1791.7222077076574,1786.0164055847126,6724
2022-08-05,1792.071232969146,1792.5843387673222,1799.295913501119,1791.559730912942,2407
2022-08-08,1793.0069113622935,1792.7473646847095,1799.2116492128132,1788.7694302754185,9032
2022-08-09,1794.2784664572875,1795.017276938175,1802.439808810166,1789.1613919861406,2410
2022-08-10,1795.0001385213309,1795.6155060053438,1797.3143160658512,1790.1671956716677,4497
2022-08-11,1793.8710867501136,1792.935648048069,1795.8208387491165,1789.1078070440385,5372
2022-08-12,1793.3465664838338,1794.4325486000089,1803.3366437722023,1784.9551004031264,8394
2022-08-15,1793.8359410450619,1793.2999775999479,1801.3357190295826,1791.8467106757428,1551
2022-08-16,1792.6138132361698,1793.421871034451,1802.5041559214542,1787.556845798356,5332
2022-08-17,1793.326811666342,1793.6940989797436,1801.2812521913827,1792.7063974967766,1997
2022-08-18,1793.086486268184,1794.924669944979,1800.8962230048821,1792.374929479405,5076
2022-08-19,1792.7116654606345,1792.4881994782627,1799.2529928309132,1786.7495409814917,7099
2022-08-22,1793.422625428838,1793.0733086327198,1802.3139046682381,1787.4131243838415,6555
2022-08-23,1793.866888740324,1793.847469134436,1799.6549562854434,1785.0671340059914,5052
2022-08-24,1793.505922574505,1793.2027427916705,1799.8298358177888,1787.62400603507,6303
2022-08-25,1794.6652523778691,1795.4651942798112,1797.029961439847,1785.0673421738206,9118
2022-08-26,1793.5841890502693,1791.9678784418327,1798.3234012514304,1791.4809299578335,7102
2022-08-29,1794.2001246572136,1793.1464422380673,1801.3640957767946,1792.16636539026,6490
2022-08-30,1794.793225915182,1793.7254229936027,1797.5026528983456,1793.284764377899,9564
2022-08-31,1794.483679475868,1795.4339870678416,1797.4565288730869,1792.6309109725325,6616
2022-09-01,1794.80981249811,1796.520425870692,1799.6586939529361,1789.3971113886932,3248
2022-09-02,1793.5586989217247,1793.4542497031873,1795.973705201653,1786.998527888913,1848
2022-09-05,1794.4827259409317,1794.3139042177418,1796.6318523112957,1793.858052638255,7354
2022-09-06,1794.2978238044886,1794.3678759676018,1798.6163843962827,1784.8381149060326,9695
2022-09-07,1793.7751007839697,1794.9369790865778,1804.0153642254131,1785.353447017466,9070
2022-09-08,1794.8241100098064,1793.896756875616,1799.8947064771935,1790.930632054045,9894
2022-09-09,1794.1197663192638,1794.3581353019986,1796.2373391101519,1793.347891016999,4625
2022-09-12,1792.7113050229002,1793.6865026526827,1794.4562193464915,1791.0124342907097,1314
2022-09-13,1791.1546758493762,1791.655770019316,1798.6173314706953,1789.8852317118265,3376
2022-09-14,1791.7606858007218,1791.9502674173207,1795.7782550616846,1790.5278480077325,5378
2022-09-15,1790.4802564482256,1791.4813025407927,1799.6996120066462,1785.2946395615684,9449
2022-09-16,1792.23505063021,1789.5318183372108,1798.8301583166178,1787.0733439122769,1574
2022-09-19,1790.1531212223263,1790.830996541857,1798.7934110472709,1786.5717240570348,6585
2022-09-20,1791.8495775906163,1791.1955019074887,1794.5690379848008,1781.3004485736456,6492
2022-09-21,1792.060595057819,1790.2299621609625,1798.9841842824296,1783.386819671709,9949
2022-09-22,1791.9638819459485,1792.4750845454735,1795.1157043924106,1782.4740752754785,3810
2022-09-23,1791.4189628591396,1792.7926214043025,1802.1833061988054,1789.9933973088084,9134
2022-09-26,1791.8180989734917,1791.680650458864,1798.1818417888255,1787.8592557105383,6670
2022-09-27,1791.7804642710669,1792.7333388182699,1795.9784568200232,1786.2331462382433,8715
2022-09-28,1792.8837661530833,1794.496044411072,1797.1911630339948,1792.116185534196,7567
2022-09-29,1792.9979938017455,1794.3129082553296,1796.222174106046,1792.9561193654658,4459
2022-09-30,1793.1482955632073,1794.7882600925786,1801.734669681516,1786.443952225238,7117
2022-10-03,1792.7846833509934,1793.5268108420653,1795.7139669720445,1786.366488182979,4992
2022-10-04,1792.7277377272724,1792.803171366174,1798.7562040254488,1788.6198496272762,8837
2022-10-05,1793.0355394961643,1791.4335736842672,1795.681889765418,1786.537132923947,1203
2022-10-06,1791.3253711035077,1791.0793086153778,1797.9450605514464,1786.924878609457,3775
2022-10-07,1789.977185681402,1789.1339390860858,1798.1265829668075,1788.8938886376368,2992
2022-10-10,1790.7204497754249,1792.8913924929227,1800.6716449243693,1787.3667337132501,3243
2022-10-11,1790.8913152135526,1790.7154294011202,1798.4998285228605,1788.9446068471473,9498
2022-10-12,1790.7073318772,1790.8305366839845,1792.7077607409071,1789.7230899861863,2687
2022-10-13,1790.7257658102653,1791.2772511863059,1792.1611006561511,1781.1585614713717,5109
2022-10-14,1791.0733475156271,1791.1169499619996,1798.1064382468735,1785.0797502652056,2860
2022-10-17,1790.5335878353178,1792.2286388757486,1795.912111013692,1783.2470249929518,6176
2022-10-18,1789.7552831099154,1789.132633748181,1794.0787453739488,1785.97899631552,1722
2022-10-19,1789.9511283650131,1790.1457358202504,1790.4572267481842,1786.019657070073,9971
2022-10-20,1788.972755587398,1788.2302850017,1791.5685200801486,1785.8610450627327,9720
2022-10-21,1789.3810083431126,1788.060985831892,1789.7177723818572,1787.0913291222378,5893
2022-10-24,1787.6784247388748,1787.0666556479696,1796.4702824648873,1785.2763392735537,1343
2022-10-25,1788.7075803762004,1788.670543579152,1791.1415472083856,1780.6954031261873,6398
2022-10-26,1789.1801778586134,1788.7508756340962,1794.7535495543434,1781.9754175822584,9400
2022-10-27,1789.4362075929273,1788.7437866130535,1789.8260007995386,1783.2744978531987,5736
2022-10-28,1790.4188985768728,1789.012581113201,1797.0873724899295,1784.2616823845333,4406
2022-10-31,1792.0843730213353,1792.0012674487066,1795.3146464788763,1782.7769246121454,1919
2022-11-01,1793.0987430863536,1791.5940227123226,1802.0779349559302,1790.866673234536,6819
2022-11-02,1791.2578688550218,1792.0179248187114,1800.8991067080517,1788.4518607226426,3044
2022-11-03,1789.978291888286,1790.0607316412206,1793.313637824838,1786.478913352579,1418
2022-11-04,1789.3534733105905,1787.8959218111256,1798.3630822674952,1780.0716636889977,2749
2022-11-07,1789.3795643608014,1789.0703552837515,1799.3411410957892,1779.1452090821317,8378
2022-11-08,1789.8972233812704,1789.1450669756798,1798.1513800225098,1786.7383618281083,2099
2022-11-09,1789.1714795681169,1789.490654078536,1797.9393675560882,1780.4284062267461,4392
2022-11-10,1789.358246332594,1790.6986967786172,1793.188784139708,1781.0520187282762,3772
2022-11-11,1788.6028634002407,1786.727690930595,1794.3698873888184,1784.4811169541772,7784
2022-11-14,1787.9913455972487,1788.106371676396,1788.7789308160698,1783.9980197952566,2545
2022-11-15,1786.5846845004005,1786.424551704834,1787.5338638686171,1782.3278230119088,2070
2022-11-16,1785.6614512542897,1786.33279133074,1796.321717451073,1775.879244569024,7522
2022-11-17,1784.3097666486733,1784.522963276911,1787.7893557711702,1782.5008476348844,2850
2022-11-18,1783.333893395696,1782.581924063957,1790.8157325161844,1774.5903443529094,6053
2022-11-21,1784.3875351923039,1784.0684812566371,1792.454185722572,1780.726554114906,3939
2022-11-22,1783.4381363034718,1782.6421104466683,1792.018369013544,1775.3334069889067,8194
2022-11-23,1786.0705183683092,1787.146525506908,1797.1228084809295,1781.8704083253526,6851
2022-11-24,1786.5638362691902,1786.5851479178623,1789.0001127704309,1780.780238638025,7673
2022-11-25,1786.748672392885,1788.649863078638,1789.053371347235,1778.4225546596238,1678
2022-11-28,1785.8903146127038,1785.8296537988892,1790.0022297926496,1777.7879981490505,1988
2022-11-29,1786.5906244921127,1785.8822177252023,1787.8914311904023,1777.2179858898053,2502
2022-11-30,1786.014986665875,1784.5012722732622,1786.2392455574957,1783.9050990198157,2789
2022-12-01,1786.1369964805203,1784.3338568042643,1789.7412647519352,1777.413351273867,6281
2022-12-02,1788.6970810187893,1787.1129450757837,1796.5344635295417,1785.713071308566,6027
2022-12-05,1788.6010211190646,1788.8681477700761,1794.529954682327,1784.4428354388806,2425
2022-12-06,1789.7502944453502,1790.2590194685802,1793.3867993606837,1784.2644102948034,7654
2022-12-07,1789.0471180202244,1787.4659273181921,1795.5905380751517,1783.4385324707239,3440
2022-12-08,1789.0121295297274,1789.9071678438036,1792.2273496468918,1783.8160127716974,7856
2022-12-09,1790.7829301653628,1790.2998691136793,1790.9267446260837,1780.3346060256931,8367
2022-12-12,1790.1559631075752,1790.3027561195606,1797.946289983925,1788.8037899704466,3594
2022-12-13,1791.968411665572,1793.5806322938274,1799.8180631424675,1785.2138512122076,5689
2022-12-14,1792.6761636010276,1793.573002916893,1801.1960291619027,1788.7161539371714,3436
2022-12-15,1792.1136968251333,1791.8451661772274,1792.50307699201,1790.5150681881541,6517
2022-12-16,1792.7461045641887,1791.8549123387734,1801.1173008424953,1790.2675447050303,7310
2022-12-19,1793.7186590138156,1791.5668436124863,1799.9139210141786,1782.0741125500301,4539
2022-12-20,1794.3404689760328,1793.6213156567903,1799.974422483159,1784.8253006896728,4483
2022-12-21,1792.7702442561422,1792.5591140173144,1799.0163847372876,1783.4886944131642,8371
2022-12-22,1792.0431070803174,1791.0559275531662,1800.687439549001,1781.1405997948923,3241
2022-12-23,1791.7955884447658,1791.6643314776736,1797.664953510355,1789.5811775775885,7378
2022-12-26,1791.7211550156658,1791.7980068986246,1797.6075106975065,1788.1667616420252,3765
2022-12-27,1792.3418271132166,1792.1169711314085,1802.2486186838742,1785.4247808321597,5911
2022-12-28,1792.5195281141498,1791.8695255333264,1800.0868297848356,1787.0315001347199,1403
2022-12-29,1791.1841837554396,1791.3528384274064,1795.7757764819178,1787.0002884216563,4382
2022-12-30,1791.5643816064455,1792.006322256015,1799.0802922563444,1787.9862691130895,5163
2023-01-02,1792.1749673517295,1791.0845682742865,1796.0672720686473,1785.146761954852,8630
2023-01-03,1792.7347577996604,1794.1456901794068,1796.4344448042418,1786.9788235132596,1087
2023-01-04,1793.815538525215,1793.7169503929308,1799.7840572940927,1792.1023720522885,6816
2023-01-05,1794.649460679764,1794.6683103027087,1803.9501312838483,1789.9320623045796,6470
2023-01-06,1795.1086407589924,1795.816855182249,1805.1082503824036,1789.5739229968938,7276
2023-01-09,1795.038475047534,1795.2716911787975,1798.6907439598524,1789.33560566022,6739
2023-01-10,1793.3775141140177,1794.330650747931,1799.607425410148,1791.2764421848942,5273
2023-01-11,1793.8071323331503,1794.0942564983523,1796.2106154840508,1786.3844184106274,7523
2023-01-12,1794.0148200203134,1793.402382645673,1803.9711311153023,1793.1503916974623,6003
2023-01-13,1794.2863988575089,1794.6479023827148,1804.4590814613941,1790.7380803020772,9038
2023-01-16,1793.0096502816887,1791.865924074368,1799.504739578763,1784.0637975890115,7606
2023-01-17,1791.9285937412803,1792.0371534470569,1800.0812940438316,1786.2896645307262,3064
2023-01-18,1792.9817465946132,1792.9485166039688,1800.1327482074503,1790.3368922788602,6315
2023-01-19,1792.9421914407565,1792.734074583484,1798.8737736311512,1785.7845433900536,1317
2023-01-20,1793.6236921381292,1793.4951546266902,1794.1571721080181,1787.8212451851296,2502
2023-01-23,1793.6520105142597,1791.7701614687621,1798.1996539397862,1783.8077253741983,7130
2023-01-24,1793.6817666537554,1793.1330417460144,1800.4296296754294,1785.7827898841163,8419
2023-01-25,1794.6200504597314,1794.7128953608724,1801.4882114997092,1788.518971239369,3042
2023-01-26,1794.104005731514,1794.2638621235114,1797.9950883077354,1789.2222289784058,5598
2023-01-27,1794.200126508455,1793.172451367529,1803.6170463750352,1791.8406301108537,1118
2023-01-30,1793.73785121975,1795.0035590606146,1796.6771293829825,1791.124521040896,1709
2023-01-31,1793.3033549923175,1792.437180144103,1798.3069494544732,1788.2461854149321,4557
2023-02-01,1792.994182868849,1793.9636400693757,1800.872479834884,1787.001189998785,4250
2023-02-02,1793.2163166404828,1793.6435110023544,1800.6148690612724,1788.0792380883297,9061
2023-02-03,1792.7375680188193,1792.0913407089754,1799.2239575865074,1789.20949544938,9609
2023-02-06,1793.9933241443928,1795.7686350370022,1798.5215171715208,1793.9286805664956,3603
2023-02-07,1793.0987168421732,1791.9050800104167,1794.6607825290394,1786.9426877914086,2101
2023-02-08,1792.9118451980119,1793.8309993716218,1800.190402639889,1790.0555853123894,5421
2023-02-09,1792.4721141397376,1793.4726964577806,1799.465717619175,1785.1260311326323,8857
2023-02-10,1793.9190920240915,1793.248471815015,1795.7126521269838,1793.0090091623101,9177
2023-02-13,1794.115646800603,1795.5081121006672,1802.5595035563729,1788.267368687545,7082
2023-02-14,1795.1474913400716,1794.8974448254726,1799.6992112574083,1785.482702450412,7658
2023-02-15,1793.6619309670348,1793.9506245963146,1800.6282305123461,1791.9178382959199,3261
2023-02-16,1793.9289812329039,1794.189303071675,1802.5629738693767,1789.212486325398,9021
2023-02-17,1794.8186120285275,1794.684303287057,1796.5158963142967,1793.7700833688857,1508
2023-02-20,1794.9008960178028,1795.7117042909626,1795.903152970931,1788.6440768951893,3379
2023-02-21,1795.9663763928681,1796.7598651134203,1804.5508909773782,1790.4610595869058,9879
2023-02-22,1795.4490879427678,1793.7005559695297,1801.546062194294,1789.6269007274013,5752
2023-02-23,1796.8584353829533,1798.1627756258315,1805.1591713220528,1791.6446651682159,6495
2023-02-24,1799.1573335065725,1797.4948415185368,1807.538883256459,1788.5290949338466,4209
2023-02-27,1798.794494946133,1799.8270411504748,1807.8551504987197,1796.8315519230223,8398
2023-02-28,1798.3489924247322,1799.4756975615599,1809.0848990308482,1798.1233473076786,7743
2023-03-01,1799.8023769018498,1798.7114104716345,1805.161727690371,1790.0947616246435,6648
2023-03-02,1801.3819490475805,1800.971134759626,1806.2669053741795,1795.1999639357468,6171
2023-03-03,1800.8590890204273,1799.7533843519413,1804.8779610193346,1790.846799797323,8890
2023-03-06,1800.4389022033315,1800.2239811730428,1801.9758126317736,1794.254528938911,1324
2023-03-07,1800.157117594471,1799.849083310285,1805.8831899232912,1791.747472410688,4557
2023-03-08,1798.8126670834367,1799.5923276157062,1802.362452858966,1794.5159334498853,4587
2023-03-09,1797.8940151369525,1799.204323883072,1808.4173990052018,1790.3954158240697,1151
2023-03-10,1796.8898743702005,1798.2855581809904,1804.1174662237613,1787.759459701302,1954
2023-03-13,1796.1220768050962,1795.5599087785179,1802.0504786101774,1789.8386791412959,5354
2023-03-14,1796.0873919177095,1795.878170043965,1799.6366385264796,1794.070318538341,8160
2023-03-15,1796.321606650246,1794.638168458025,1796.841500170023,1791.950192307723,1687
2023-03-16,1797.87210714306,1797.0662370765638,1798.18954479679,1795.0797913075896,9501
2023-03-17,1796.8737531023212,1797.8386047354186,1802.0719561769506,1794.405182826364,4127
2023-03-20,1797.858075500798,1799.4736583243462,1800.3193121053184,1794.7939210072875,7763
2023-03-21,1797.6440866565724,1796.4097377846924,1803.7125562119738,1790.8583999171606,4395
2023-03-22,1797.59462294692,1797.0021586877672,1806.4043530033166,1791.1222423931288,1845
2023-03-23,1798.2694424390866,1798.2430366821277,1807.0985906042738,1793.978039209709,2164
2023-03-24,1797.1467204175242,1797.4268815763437,1804.017335677666,1790.992512619316,6904
2023-03-27,1797.5291301637083,1796.7195266437866,1799.6414484784375,1795.903777387673,6360
2023-03-28,1797.6955823719213,1798.1196434163853,1806.749611729974,1796.8177000013397,1354
2023-03-29,1798.1880336359295,1797.7141942888586,1807.0489679890616,1795.995899685282,2872
2023-03-30,1798.4772022798372,1798.462750008959,1800.443738129367,1793.2819750285555,3024
2023-03-31,1800.9325024197483,1801.478786667752,1808.8530475254588,1798.7925556327652,3817
2023-04-03,1800.294762435497,1800.3011847053078,1803.166380194579,1797.4619184005712,4832
2023-04-04,1799.763765480495,1799.3273795899686,1807.7901686040243,1795.3242512282386,9257
2023-04-05,1799.1406249540703,1799.0310151501444,1809.1130039531063,1790.9123539100406,3581
2023-04-06,1798.58514783491,1798.4967848757046,1798.8854078882039,1798.358163516576,3486
2023-04-07,1797.9477607076035,1797.5777496777214,1806.9214193655127,1791.0839614753552,9418
2023-04-10,1799.1367772387111,1798.877981176044,1805.3630825746977,1792.1892158656372,3443
2023-04-11,1800.557281486701,1802.1559286572058,1811.889754848854,1792.5707236831347,9919
2023-04-12,1799.9865351929516,1800.5474546408927,1805.197549816157,1790.6590058023485,2036
2023-04-13,1799.1541796198474,1798.8586993018182,1807.6280589255612,1798.6573208123252,9684
2023-04-14,1799.6255951762337,1800.3225495807444,1800.946490266727,1798.0877581211016,8435
2023-04-17,1799.0733721319527,1798.7395526421967,1802.4261626327357,1789.8778397016367,2548
2023-04-18,1799.7063039497082,1800.8794285872948,1801.549593964807,1795.121118327838,6065
2023-04-19,1799.9092269705595,1800.2788691627577,1810.0323004975485,1794.263320581225,7496
2023-04-20,1798.3934828555623,1798.286180711558,1806.5632219282807,1791.6559086743266,7183
2023-04-21,1799.9409880568924,1800.3887049827026,1808.9141791951624,1793.150322011936,4957
2023-04-24,1801.7368657299878,1800.1659895779194,1811.1165180443268,1790.8485855447543,4407
2023-04-25,1801.1240770395034,1799.9973095705936,1801.9751119007012,1790.0278153964769,1639
2023-04-26,1800.7363754795674,1799.5424504731684,1804.5923514047008,1792.340875863859,1172
2023-04-27,1801.0222408702923,1801.165183965056,1801.875532855496,1798.1500287782408,6666
2023-04-28,1801.3566976602795,1803.0892126597646,1805.197143675265,1792.559173637336,5354
2023-05-01,1802.0152419329522,1804.2465420791448,1806.5401998495215,1801.5230327875447,4959
2023-05-02,1804.0254464717186,1804.6634975731595,1809.3545696836352,1801.7146379429737,9708
2023-05-03,1803.8484992442245,1804.349343719169,1807.0349653937053,1794.8746420695873,9714
2023-05-04,1803.0502019996861,1801.2491442655335,1804.0599830678636,1798.6872291211398,3886
2023-05-05,1801.6708827716716,1801.1282089719375,1803.3457936626126,1798.92169837572,3164
2023-05-08,1800.9399527317296,1800.1521689798215,1802.4127083672504,1798.770916048419,4945
2023-05-09,1800.9068257588558,1800.2859781606046,1810.6375937379787,1791.6948605841355,6235
2023-05-10,1802.7013836223737,1802.5332398037888,1810.2943086915584,1797.532657211878,8746
2023-05-11,1802.1837723233375,1801.7116817456404,1811.8613869760331,1794.9627497150989,3590
2023-05-12,1802.4075602749763,1800.4282604646005,1806.8049651400554,1798.0375966238503,8754
2023-05-15,1802.3911373789035,1803.1390476350211,1805.9227324516478,1794.8107331687913,5934
2023-05-16,1803.5795306523517,1802.5067876266119,1811.5624626244435,1794.9067321769908,5076
2023-05-17,1806.1064630782253,1806.3457099423365,1809.608249122748,1802.9804828291421,6185
2023-05-18,1805.575594305305,1807.649676975055,1810.6435107121085,1801.4687679752021,2093
2023-05-19,1805.0861548627868,1804.1667702712004,1807.411214784865,1802.0698674968985,4880
2023-05-22,1806.1303157398559,1803.6000282171096,1807.4271055220981,1793.8344179838805,7559
2023-05-23,1806.812207229482,1806.526203007602,1809.3768378396496,1800.0701772370178,3785
2023-05-24,1808.6589145552182,1809.7598741902168,1813.3130716749556,1799.313475748063,7065
2023-05-25,1809.2428427405441,1811.2011901947646,1817.9411322762219,1806.2089873042528,7539
2023-05-26,1808.8835506497571,1807.6540010553047,1809.5091990719516,1799.8350919253357,2574
2023-05-29,1809.4742054804494,1809.9709047036858,1812.0759741003392,1801.815619041602,6676
2023-05-30,1810.5829090610323,1810.1175986042522,1818.6731454639491,1803.2010420855868,9060
2023-05-31,1811.4033912422296,1811.2974428879254,1812.8726104780674,1801.6410531352574,4990
2023-06-01,1811.910665273337,1814.5550086203539,1817.981460085579,1807.9751119122739,6210
2023-06-02,1812.9773399629262,1811.474369634531,1821.6239291815075,1810.1671963986335,5845
2023-06-05,1814.1466355533719,1814.4003752148665,1815.9496283263009,1807.4295469609312,2189
2023-06-06,1815.5287945444093,1815.9964877161747,1816.8238560723566,1808.2356965396373,3689
2023-06-07,1816.177504431999,1817.2632907569384,1822.1086707077386,1810.426898697411,5095
2023-06-08,1816.0103863516822,1816.1083695051532,1819.1325646179384,1813.9422074203483,2875
2023-06-09,1816.1571000381155,1816.4651505776196,1822.099234222458,1811.1125406214219,8768
2023-06-12,1817.3636090046239,1816.9719604372021,1825.4016579094587,1813.850063071511,4406
2023-06-13,1816.5466733336366,1816.8158002748817,1818.1872851564092,1812.2720080519698,4932
2023-06-14,1816.9153466425093,1816.572154367012,1822.7223374880523,1810.1199686085654,9240
2023-06-15,1816.522007830182,1817.1435797200381,1822.1986673239367,1809.0698604032737,6408
2023-06-16,1816.550752653117,1816.1811423170732,1817.991540513249,1813.8588954080597,4861
2023-06-19,1817.8292045157243,1818.2063049096264,1824.4462897649162,1813.7759509092548,8406
2023-06-20,1818.0203035837442,1817.9910407700593,1820.7567077623519,1815.299425060143,3833
2023-06-21,1818.0667401319004,1819.1927903826725,1824.0711335681126,1816.0804239932816,6285
2023-06-22,1816.7068839909202,1816.6554902673317,1817.5296072336907,1808.8216180673733,8645
2023-06-23,1817.4531375569475,1815.6801050887407,1822.0489781290837,1806.5875781443708,5777
2023-06-26,1818.0986217380887,1819.3605432388026,1822.425177919231,1814.3962998812428,3735
2023-06-27,1820.2618764613942,1819.3561441605316,1828.4856885732477,1811.843354916794,9273
2023-06-28,1819.9540982264411,1819.3003318877923,1820.5238854964148,1810.330378994148,9278
2023-06-29,1820.173248554105,1819.5775872600614,1824.3593213032882,1811.116345154759,7368
2023-06-30,1820.4226322378158,1821.7970703309866,1826.381384572301,1818.5944983524237,1821
2023-07-03,1822.0000855175792,1819.8644113036005,1829.2501462805703,1810.301492488467,8525
2023-07-04,1821.9047899851923,1825.0425385188523,1830.7854142697545,1818.1380255808976,1162
2023-07-05,1822.1838115109626,1823.2398683200288,1829.9119916919706,1818.7914048992243,8777
2023-07-06,1822.7917080206792,1823.0149469348082,1830.7854397913259,1822.1673947479014,2932
2023-07-07,1822.9783171438355,1822.9234231432192,1831.6003468804174,1818.0616866021703,4535
2023-07-10,1822.531883529285,1822.8174376041427,1825.9561925713674,1821.4417473728759,6956
2023-07-11,1822.7259735221833,1823.2470959505627,1828.6273230042016,1820.240575312909,4446
2023-07-12,1823.7996052720432,1824.4448208579934,1832.8459016423853,1820.6301790543705,3790
2023-07-13,1822.773089972632,1823.3286944386355,1833.223205748286,1814.6848267377152,3707
2023-07-14,1822.9060596467789,1822.9956403280341,1831.8908334384719,1814.15117314282,8959
2023-07-17,1822.2059388318398,1822.0086004115326,1825.9206114580836,1818.9839372369179,4933
2023-07-18,1823.4009854607646,1823.249712177111,1825.352650632951,1814.6627309646651,4385
2023-07-19,1821.877798555981,1821.6828902756283,1826.7717239300468,1813.1105809019305,7636
2023-07-20,1821.3188767087092,1822.4526468055763,1829.8690613239366,1813.6723672048604,1922
2023-07-21,1821.6960885837736,1822.2896453060546,1827.2153360135876,1820.2291374436218,9089
2023-07-24,1823.261612613008,1820.3212239783438,1828.0934212461448,1813.4179955093366,1564
2023-07-25,1823.1958623519351,1823.8517631284649,1832.2340673392828,1813.7456217061294,4258
2023-07-26,1822.6406628252419,1822.8353990199607,1826.4494368106325,1815.8152580375704,3500
2023-07-27,1824.5218198946825,1824.5031111382366,1833.119766642799,1821.1869426471583,5566
2023-07-28,1823.0738059942662,1822.6852875411773,1827.1418540037835,1817.679494366869,7881
2023-07-31,1820.8750000376463,1821.9991127576322,1825.2814438144158,1814.4177496041357,4636
2023-08-01,1821.3150144876995,1822.2625409498223,1826.8024400618194,1816.2093104004146,7030
2023-08-02,1820.812960263347,1820.0400825955232,1828.4374298500957,1818.8405531782134,1223
2023-08-03,1819.791727446216,1820.1987797333406,1821.4588000119807,1816.671086999696,7297
2023-08-04,1820.5000838935155,1819.5284271589742,1822.4642760522356,1811.5044668534379,1350
2023-08-07,1820.7438846072866,1819.3642664424976,1830.2583328639175,1810.7500859815425,8314
2023-08-08,1820.17980597655,1819.5530887519599,1821.9347222503634,1818.1800884248041,2928
2023-08-09,1818.8995015778792,1819.761895050262,1825.4391682295725,1809.3756340538919,8743
2023-08-10,1819.7719589061592,1820.7250839515352,1826.5182286181546,1816.483732727673,9540
2023-08-11,1820.4221600841179,1820.9352455042151,1825.8314901247177,1813.7990226968107,5732
2023-08-14,1820.3229842203386,1821.0480800071866,1827.495532492955,1812.804732760772,2017
2023-08-15,1822.169621216386,1822.6857995035011,1824.9840667614774,1814.0501588700072,3226
2023-08-16,1821.09953645006,1820.458054854837,1826.6261591278276,1811.0005578325777,8206
2023-08-17,1819.5740112791352,1820.005933823809,1823.727666376278,1816.444815798847,8170
2023-08-18,1818.882103209254,1819.6825127344816,1826.2991853307735,1810.2970386637385,7207
2023-08-21,1818.8365171928986,1819.5908085227122,1821.0030439564437,1817.5196481585365,3419
2023-08-22,1819.0798566422213,1820.268770013696,1825.9775441820907,1812.0294475786854,7240
2023-08-23,1818.838620584365,1819.546924431566,1821.399627985399,1811.418843289225,2893
2023-08-24,1819.1906759808792,1819.5421241884208,1822.328554819571,1812.413443568866,6322
2023-08-25,1817.9391365566887,1819.0092867950052,1821.196384798241,1815.4159891953373,8718
2023-08-28,1819.382901160762,1819.356379901513,1821.2112789594503,1810.625948431361,7878
2023-08-29,1819.3007499823696,1818.4188753311419,1827.5578594979763,1816.730290697438,2125
2023-08-30,1820.4180458139576,1820.254978850014,1823.2751214905666,1819.7186309348056,4117
2023-08-31,1820.7607711603353,1820.0158685155288,1830.0320089789798,1812.8412186094097,5161
2023-09-01,1821.217524379489,1820.5423461045148,1830.916789632941,1815.7875889521874,5042
2023-09-04,1821.7872916597212,1821.6427729890056,1827.4998963590922,1813.1517927894188,5433
2023-09-05,1822.2350002197386,1821.4425802987387,1823.665011446396,1817.6086088881561,9638
2023-09-06,1822.8777229796062,1822.5697614499672,1826.623205413402,1820.88697556489,3658
2023-09-07,1824.2068755097387,1822.313260842785,1832.1841981432208,1813.9488389180863,4483
2023-09-08,1824.40339667944,1824.616690386813,1828.2905976737836,1818.9143003630393,3944
2023-09-11,1825.1124004370286,1825.1136059123908,1825.9837780954188,1823.220442513125,8210
2023-09-12,1825.0226647427414,1824.2055761116733,1830.5905138520234,1817.0017361258087,8653
2023-09-13,1826.4627819581908,1827.1220276266233,1835.5732361415837,1821.3516455732959,9787
2023-09-14,1825.7863896561316,1826.7239597937582,1834.6832236651933,1819.7432598337284,2986
2023-09-15,1827.5873300890423,1825.9797702246733,1829.338561490346,1821.3707868426075,2074
2023-09-18,1827.547172138398,1826.7844473598318,1834.2748182825228,1818.4973575216518,5305
2023-09-19,1826.11639703628,1825.3472546864928,1828.3214396706364,1817.0516275296623,4007
2023-09-20,1826.2445014511907,1825.3045983500817,1828.4265767967124,1818.210710131838,1969
2023-09-21,1825.5634497937158,1826.3929246356474,1835.1336423686994,1824.509436019751,9772
2023-09-22,1826.4040933427045,1826.2102672039318,1828.900782870107,1817.8217285848912,3824
2023-09-25,1825.7514693634023,1825.4869545220918,1828.3839428285823,1818.7768247167626,2211
2023-09-26,1825.3052859301874,1823.3014235657806,1825.3118198378004,1816.3311819057376,1229
2023-09-27,1823.4157451992419,1824.051163229451,1832.7578535707062,1819.785916795203,5284
2023-09-28,1822.9634388799927,1821.7241804851392,1830.8893870120842,1812.931384923569,4185
2023-09-29,1820.539559553364,1820.5994921836302,1826.872781534537,1813.2858435510154,1501
2023-10-02,1818.9556567298782,1819.2330336678365,1826.735691307225,1817.8297520645863,1048
2023-10-03,1819.7160713860223,1821.076729981861,1822.5972156561058,1815.6382910419607,4566
2023-10-04,1820.5018715446733,1819.1930511455541,1825.085107490549,1810.3292475259527,4055
2023-10-05,1820.9273291064583,1817.9078169506374,1824.439522979946,1817.4358499336636,9880
2023-10-06,1819.9603529633291,1820.1442025080828,1821.081967770653,1810.3461867669087,1386
2023-10-09,1819.912641607187,1821.713152788698,1826.5744576408472,1813.1210159239913,1969
2023-10-10,1819.9090390680965,1821.1479854210359,1830.355381924462,1813.5952792916628,6820
2023-10-11,1818.750674378904,1818.9603337941787,1819.3609249846857,1816.0450818140241,4052
2023-10-12,1820.254072680671,1819.7624364950389,1823.168681815609,1817.274518607647,8397
2023-10-13,1821.1314349712468,1821.9385575678841,1824.0139669299413,1811.7108527763608,3302
2023-10-16,1820.910470797417,1819.9369245977125,1823.291937334074,1816.9542000553713,3283
2023-10-17,1820.9373566364116,1821.4137144057677,1830.4980599245614,1813.1823036692215,5366
2023-10-18,1821.1457394443592,1821.6512096035258,1826.3319001458688,1817.2145214622883,1122
2023-10-19,1819.1040045759348,1820.1642144834336,1824.8272086128318,1817.7114638680878,7799
2023-10-20,1818.8568271934143,1821.6164872323254,1829.2222436568782,1818.7496742164608,4727
2023-10-23,1818.1748429454165,1818.5672589125952,1820.1121809526444,1812.732269575264,9450
2023-10-24,1817.1732229355216,1816.664259309814,1822.0458764765222,1806.9064711243248,5958
2023-10-25,1816.8921226426355,1816.8665483304435,1821.191974783846,1813.1751863923514,1524
2023-10-26,1818.6898091694852,1816.920733264596,1824.6589160749518,1813.3488099246656,9399
2023-10-27,1819.3306520307522,1818.6359388996632,1829.3262290632565,1815.1950227211687,1148
2023-10-30,1818.7594730409694,1818.3501906028564,1826.45396198179,1813.1447522298079,9001
2023-10-31,1819.3320558223254,1818.8079674243909,1823.3107128524996,1814.4013185901479,1437
2023-11-01,1820.7314112589115,1820.8837661309453,1829.1592966536857,1811.9322649916414,4749
2023-11-02,1821.6560449418243,1820.8336250094421,1823.363128574949,1815.7784170922073,9186
2023-11-03,1821.7156753117445,1822.836705979069,1823.1413428421586,1816.6380969298589,5453
2023-11-06,1821.0687385340389,1821.068945598957,1823.1134293235998,1819.6850225868334,6336
2023-11-07,1821.7669618476525,1821.7576615265139,1825.171077408795,1811.93026611741,5551
2023-11-08,1822.1604472330741,1821.8325525165612,1827.2662548076698,1819.332823607873,3823
2023-11-09,1823.055640453102,1823.210831136961,1829.3621225423728,1822.3219997785059,6728
2023-11-10,1823.6908122547839,1824.5159105194514,1833.6219676915955,1817.0593497650318,9677
2023-11-13,1824.7403649701032,1823.8732347543923,1829.8389050656078,1817.9195710528236,9391
2023-11-14,1824.2051297585426,1823.5470132694675,1829.2178862048,1819.39555672954,2982
2023-11-15,1825.522523824177,1825.2187977954002,1826.0249539224067,1820.9968754565934,7996
2023-11-16,1825.7201234288693,1824.374252505396,1826.0692389554315,1816.5236132949317,3311
2023-11-17,1827.7953843014948,1826.9761264417732,1833.3069839206585,1825.0190000407767,8225
2023-11-20,1827.106196483405,1826.6299756098604,1831.4879826158885,1818.4274424204116,1604
2023-11-21,1828.8421602865703,1829.7165494672831,1838.1083534170862,1822.35468914762,9175
2023-11-22,1829.040071070033,1829.302632399035,1830.9094282461535,1824.8503733322377,6785
2023-11-23,1828.3886530664186,1828.582242977786,1828.8319595989567,1823.8083669005798,5597
2023-11-24,1827.9047672323643,1828.7556651945322,1833.2460528738334,1825.3382951605033,8759
2023-11-27,1827.5844199241699,1827.4470481357705,1829.9592054916925,1819.9259048088009,8532
2023-11-28,1828.0085858705718,1828.3990507205006,1828.895194453889,1822.8798384475192,9740
2023-11-29,1828.5314213586073,1828.4281996056748,1835.7774042270835,1825.2196541781764,1838
2023-11-30,1827.9577213546688,1828.2230837040684,1829.3390137036408,1821.9972201970593,4815
2023-12-01,1827.9333667624078,1827.3506081047963,1834.0165617624855,1817.393263584283,1847
2023-12-04,1830.0756371210196,1827.6368199627432,1832.8861346226884,1823.2841971661776,5709
2023-12-05,1831.8031802911203,1831.668901128934,1833.5381407946704,1822.4619871211478,5507
2023-12-06,1832.2395039607943,1833.6622520968942,1837.4597673260873,1828.7893355615486,7575
2023-12-07,1832.2775074389626,1833.2037228412041,1841.2181806034337,1831.7301803697128,5773
2023-12-08,1832.3975387656808,1833.362936250272,1837.2838720193176,1830.3551177019965,5468
2023-12-11,1833.0110567384113,1834.2471874602174,1841.754883952328,1828.8241053051345,6192
2023-12-12,1831.9882641732129,1832.0769217641744,1833.331784732166,1829.7919148872672,4320
2023-12-13,1831.7308876357895,1831.928203343195,1839.6559175398459,1831.728617253607,5698
2023-12-14,1830.062303561912,1829.4446516664775,1832.4316368109785,1820.2946362890023,5311
2023-12-15,1830.4615266845171,1830.1454538284902,1837.235457983406,1821.7066597161809,4673
2023-12-18,1831.1087226242198,1831.7244937739908,1837.3823093224007,1823.6858003093503,2564
2023-12-19,1830.6255361619205,1831.8294205990894,1841.1208677712063,1828.9473902054604,2840
2023-12-20,1832.1995229252107,1832.0600766495297,1836.0727481049637,1830.85644088743,7058
2023-12-21,1830.9737572622082,1830.5235679973568,1831.6354091505525,1829.847520502633,8131
2023-12-22,1829.5093823819984,1829.509910340855,1829.7014651963675,1822.2690904942692,1726
2023-12-25,1829.7338342005585,1830.3350409494876,1838.6036265592152,1820.4457545936796,7697
2023-12-26,1830.7809325031706,1829.337077687037,1836.028288879785,1825.0317194779066,1282
2023-12-27,1832.4648601946285,1830.1686792414912,1840.217300712978,1828.9772725215307,2081
2023-12-28,1832.0059759317594,1831.4554390822677,1834.3502319318745,1826.3315108749466,4885
2023-12-29,1833.0846567651909,1831.8639443392767,1836.5354942203232,1828.3756252646904,3881
